run,type,module,name,attrname,attrvalue,value
General-0-20190312-21:26:03-12926,runattr,,,configname,General,
General-0-20190312-21:26:03-12926,runattr,,,datetime,20190312-21:26:03,
General-0-20190312-21:26:03-12926,runattr,,,experiment,General,
General-0-20190312-21:26:03-12926,runattr,,,inifile,omnetpp.ini,
General-0-20190312-21:26:03-12926,runattr,,,iterationvars,$0=7,
General-0-20190312-21:26:03-12926,runattr,,,iterationvarsf,7-,
General-0-20190312-21:26:03-12926,runattr,,,measurement,$0=7,
General-0-20190312-21:26:03-12926,runattr,,,network,PasubioSimulation.MCPasubioScenario,
General-0-20190312-21:26:03-12926,runattr,,,processid,12926,
General-0-20190312-21:26:03-12926,runattr,,,repetition,0,
General-0-20190312-21:26:03-12926,runattr,,,replication,#0,
General-0-20190312-21:26:03-12926,runattr,,,resultdir,results,
General-0-20190312-21:26:03-12926,runattr,,,runnumber,0,
General-0-20190312-21:26:03-12926,runattr,,,seedset,5,
General-0-20190312-21:26:03-12926,param,,,MCPasubioScenario.numRsu,10,
General-0-20190312-21:26:03-12926,param,,,**.debug,false,
General-0-20190312-21:26:03-12926,param,,,**.coreDebug,false,
General-0-20190312-21:26:03-12926,param,,,*.playgroundSizeX,3000m,
General-0-20190312-21:26:03-12926,param,,,*.playgroundSizeY,3000m,
General-0-20190312-21:26:03-12926,param,,,*.playgroundSizeZ,100m,
General-0-20190312-21:26:03-12926,param,,,*.annotations.draw,true,
General-0-20190312-21:26:03-12926,param,,,*.manager.updateInterval,1s,
General-0-20190312-21:26:03-12926,param,,,*.manager.host,"""localhost""",
General-0-20190312-21:26:03-12926,param,,,*.manager.port,9999,
General-0-20190312-21:26:03-12926,param,,,*.manager.autoShutdown,true,
General-0-20190312-21:26:03-12926,param,,,*.manager.launchConfig,"xmldoc(""pasubio.launchd.xml"")",
General-0-20190312-21:26:03-12926,param,,,*.rsu[*].appl.headerLength,80 bit,
General-0-20190312-21:26:03-12926,param,,,*.rsu[*].appl.sendBeacons,false,
General-0-20190312-21:26:03-12926,param,,,*.rsu[*].appl.dataOnSch,false,
General-0-20190312-21:26:03-12926,param,,,*.rsu[*].appl.beaconInterval,1s,
General-0-20190312-21:26:03-12926,param,,,*.connectionManager.sendDirect,true,
General-0-20190312-21:26:03-12926,param,,,*.connectionManager.maxInterfDist,2600m,
General-0-20190312-21:26:03-12926,param,,,*.connectionManager.drawMaxIntfDist,false,
General-0-20190312-21:26:03-12926,param,,,*.**.nic.mac1609_4.useServiceChannel,false,
General-0-20190312-21:26:03-12926,param,,,*.**.nic.mac1609_4.txPower,20mW,
General-0-20190312-21:26:03-12926,param,,,*.**.nic.mac1609_4.bitrate,6Mbps,
General-0-20190312-21:26:03-12926,param,,,*.**.nic.phy80211p.sensitivity,-89dBm,
General-0-20190312-21:26:03-12926,param,,,*.**.nic.phy80211p.useThermalNoise,true,
General-0-20190312-21:26:03-12926,param,,,*.**.nic.phy80211p.thermalNoise,-110dBm,
General-0-20190312-21:26:03-12926,param,,,*.**.nic.phy80211p.decider,"xmldoc(""config.xml"")",
General-0-20190312-21:26:03-12926,param,,,*.**.nic.phy80211p.analogueModels,"xmldoc(""config.xml"")",
General-0-20190312-21:26:03-12926,param,,,*.**.nic.phy80211p.usePropagationDelay,true,
General-0-20190312-21:26:03-12926,param,,,*.**.nic.phy80211p.antenna,"xmldoc(""antenna.xml"", ""/root/Antenna[@id='monopole']"")",
General-0-20190312-21:26:03-12926,param,,,*.node[*].applType,"""RandomForestApp.NoAppCar""",
General-0-20190312-21:26:03-12926,param,,,*.node[*].appl.headerLength,80 bit,
General-0-20190312-21:26:03-12926,param,,,*.node[*].appl.sendBeacons,false,
General-0-20190312-21:26:03-12926,param,,,*.node[*].appl.dataOnSch,false,
General-0-20190312-21:26:03-12926,param,,,*.node[*].appl.beaconInterval,1s,
General-0-20190312-21:26:03-12926,param,,,*.node[*].veinsmobilityType.debug,true,
General-0-20190312-21:26:03-12926,param,,,*.node[*].veinsmobility.x,-1,
General-0-20190312-21:26:03-12926,param,,,*.node[*].veinsmobility.y,-1,
General-0-20190312-21:26:03-12926,param,,,*.node[*].veinsmobility.z,1.895,
General-0-20190312-21:26:03-12926,param,,,*.rsu[0].mobility.x,500,
General-0-20190312-21:26:03-12926,param,,,*.rsu[0].mobility.y,500,
General-0-20190312-21:26:03-12926,param,,,*.rsu[0].mobility.z,0,
General-0-20190312-21:26:03-12926,param,,,*.rsu[1].mobility.x,400,
General-0-20190312-21:26:03-12926,param,,,*.rsu[1].mobility.y,400,
General-0-20190312-21:26:03-12926,param,,,*.rsu[1].mobility.z,0,
General-0-20190312-21:26:03-12926,param,,,*.rsu[2].mobility.x,410,
General-0-20190312-21:26:03-12926,param,,,*.rsu[2].mobility.y,410,
General-0-20190312-21:26:03-12926,param,,,*.rsu[2].mobility.z,0,
General-0-20190312-21:26:03-12926,param,,,*.rsu[3].mobility.x,420,
General-0-20190312-21:26:03-12926,param,,,*.rsu[3].mobility.y,420,
General-0-20190312-21:26:03-12926,param,,,*.rsu[3].mobility.z,0,
General-0-20190312-21:26:03-12926,param,,,*.rsu[4].mobility.x,500,
General-0-20190312-21:26:03-12926,param,,,*.rsu[4].mobility.y,500,
General-0-20190312-21:26:03-12926,param,,,*.rsu[4].mobility.z,0,
General-0-20190312-21:26:03-12926,param,,,*.rsu[5].mobility.x,450,
General-0-20190312-21:26:03-12926,param,,,*.rsu[5].mobility.y,450,
General-0-20190312-21:26:03-12926,param,,,*.rsu[5].mobility.z,0,
General-0-20190312-21:26:03-12926,param,,,*.rsu[6].mobility.x,510,
General-0-20190312-21:26:03-12926,param,,,*.rsu[6].mobility.y,420,
General-0-20190312-21:26:03-12926,param,,,*.rsu[6].mobility.z,0,
General-0-20190312-21:26:03-12926,param,,,*.rsu[7].mobility.x,350,
General-0-20190312-21:26:03-12926,param,,,*.rsu[7].mobility.y,350,
General-0-20190312-21:26:03-12926,param,,,*.rsu[7].mobility.z,0,
General-0-20190312-21:26:03-12926,param,,,*.rsu[8].mobility.x,360,
General-0-20190312-21:26:03-12926,param,,,*.rsu[8].mobility.y,360,
General-0-20190312-21:26:03-12926,param,,,*.rsu[8].mobility.z,0,
General-0-20190312-21:26:03-12926,param,,,*.rsu[9].mobility.x,370,
General-0-20190312-21:26:03-12926,param,,,*.rsu[9].mobility.y,370,
General-0-20190312-21:26:03-12926,param,,,*.rsu[9].mobility.z,0,
General-0-20190312-21:26:03-12926,param,,,*.rsu[10].mobility.x,380,
General-0-20190312-21:26:03-12926,param,,,*.rsu[10].mobility.y,380,
General-0-20190312-21:26:03-12926,param,,,*.rsu[10].mobility.z,0,
General-0-20190312-21:26:03-12926,param,,,*.rsu[0].applType,"""RandomForestApp.NoAppCar""",
General-0-20190312-21:26:03-12926,param,,,*.rsu[2..10].applType,"""RandomForestApp.VirtualServer""",
General-0-20190312-21:26:03-12926,param,,,*.rsu[2].appl.computationPower,9.8,
General-0-20190312-21:26:03-12926,param,,,*.rsu[3].appl.computationPower,13.8,
General-0-20190312-21:26:03-12926,param,,,*.rsu[4].appl.computationPower,2.93,
General-0-20190312-21:26:03-12926,param,,,*.rsu[5].appl.computationPower,43.1,
General-0-20190312-21:26:03-12926,param,,,*.rsu[6].appl.computationPower,25.8,
General-0-20190312-21:26:03-12926,param,,,*.rsu[7].appl.computationPower,13.4,
General-0-20190312-21:26:03-12926,param,,,*.rsu[8].appl.computationPower,20.9,
General-0-20190312-21:26:03-12926,param,,,*.rsu[9].appl.computationPower,38.2,
General-0-20190312-21:26:03-12926,param,,,*.rsu[10].appl.computationPower,17.6,
General-0-20190312-21:26:03-12926,param,,,*.rsu[2..10].appl.minNumCars,7,
General-0-20190312-21:26:03-12926,param,,,*.rsu[2..10].appl.loadBalancerId,2,
General-0-20190312-21:26:03-12926,param,,,*.rsu[2].appl.id,0,
General-0-20190312-21:26:03-12926,param,,,*.rsu[3].appl.id,1,
General-0-20190312-21:26:03-12926,param,,,*.rsu[4].appl.id,2,
General-0-20190312-21:26:03-12926,param,,,*.rsu[5].appl.id,3,
General-0-20190312-21:26:03-12926,param,,,*.rsu[6].appl.id,4,
General-0-20190312-21:26:03-12926,param,,,*.rsu[7].appl.id,5,
General-0-20190312-21:26:03-12926,param,,,*.rsu[8].appl.id,6,
General-0-20190312-21:26:03-12926,param,,,*.rsu[9].appl.id,7,
General-0-20190312-21:26:03-12926,param,,,*.rsu[10].appl.id,8,
General-0-20190312-21:26:03-12926,param,,,*.rsu[2..10].appl.penaltyInterval,5,
General-0-20190312-21:26:03-12926,param,,,*.rsu[2..10].appl.expectedReliability,1,
General-0-20190312-21:26:03-12926,param,,,*.rsu[1].applType,"""RandomForestApp.LoadBalancer""",
General-0-20190312-21:26:03-12926,param,,,*.rsu[1].appl.id,2,
General-0-20190312-21:26:03-12926,param,,,*.rsu[1].appl.upperBound,8,
General-0-20190312-21:26:03-12926,param,,,*.rsu[1].appl.lowerBound,0,
General-0-20190312-21:26:03-12926,param,,,*.rsu[1].appl.timeOutIntervals,3,
General-0-20190312-21:26:03-12926,param,,,*.rsu[1].appl.expectedComputationWork,50,
General-0-20190312-21:26:03-12926,param,,,*.rsu[1].appl.replicationFactor,1,
General-0-20190312-21:26:03-12926,param,,,*.rsu[1].appl.reputationOn,false,
General-1-20190312-21:26:15-12926,runattr,,,configname,General,
General-1-20190312-21:26:15-12926,runattr,,,datetime,20190312-21:26:15,
General-1-20190312-21:26:15-12926,runattr,,,experiment,General,
General-1-20190312-21:26:15-12926,runattr,,,inifile,omnetpp.ini,
General-1-20190312-21:26:15-12926,runattr,,,iterationvars,$0=14,
General-1-20190312-21:26:15-12926,runattr,,,iterationvarsf,14-,
General-1-20190312-21:26:15-12926,runattr,,,measurement,$0=14,
General-1-20190312-21:26:15-12926,runattr,,,network,PasubioSimulation.MCPasubioScenario,
General-1-20190312-21:26:15-12926,runattr,,,processid,12926,
General-1-20190312-21:26:15-12926,runattr,,,repetition,0,
General-1-20190312-21:26:15-12926,runattr,,,replication,#0,
General-1-20190312-21:26:15-12926,runattr,,,resultdir,results,
General-1-20190312-21:26:15-12926,runattr,,,runnumber,1,
General-1-20190312-21:26:15-12926,runattr,,,seedset,5,
General-1-20190312-21:26:15-12926,param,,,MCPasubioScenario.numRsu,10,
General-1-20190312-21:26:15-12926,param,,,**.debug,false,
General-1-20190312-21:26:15-12926,param,,,**.coreDebug,false,
General-1-20190312-21:26:15-12926,param,,,*.playgroundSizeX,3000m,
General-1-20190312-21:26:15-12926,param,,,*.playgroundSizeY,3000m,
General-1-20190312-21:26:15-12926,param,,,*.playgroundSizeZ,100m,
General-1-20190312-21:26:15-12926,param,,,*.annotations.draw,true,
General-1-20190312-21:26:15-12926,param,,,*.manager.updateInterval,1s,
General-1-20190312-21:26:15-12926,param,,,*.manager.host,"""localhost""",
General-1-20190312-21:26:15-12926,param,,,*.manager.port,9999,
General-1-20190312-21:26:15-12926,param,,,*.manager.autoShutdown,true,
General-1-20190312-21:26:15-12926,param,,,*.manager.launchConfig,"xmldoc(""pasubio.launchd.xml"")",
General-1-20190312-21:26:15-12926,param,,,*.rsu[*].appl.headerLength,80 bit,
General-1-20190312-21:26:15-12926,param,,,*.rsu[*].appl.sendBeacons,false,
General-1-20190312-21:26:15-12926,param,,,*.rsu[*].appl.dataOnSch,false,
General-1-20190312-21:26:15-12926,param,,,*.rsu[*].appl.beaconInterval,1s,
General-1-20190312-21:26:15-12926,param,,,*.connectionManager.sendDirect,true,
General-1-20190312-21:26:15-12926,param,,,*.connectionManager.maxInterfDist,2600m,
General-1-20190312-21:26:15-12926,param,,,*.connectionManager.drawMaxIntfDist,false,
General-1-20190312-21:26:15-12926,param,,,*.**.nic.mac1609_4.useServiceChannel,false,
General-1-20190312-21:26:15-12926,param,,,*.**.nic.mac1609_4.txPower,20mW,
General-1-20190312-21:26:15-12926,param,,,*.**.nic.mac1609_4.bitrate,6Mbps,
General-1-20190312-21:26:15-12926,param,,,*.**.nic.phy80211p.sensitivity,-89dBm,
General-1-20190312-21:26:15-12926,param,,,*.**.nic.phy80211p.useThermalNoise,true,
General-1-20190312-21:26:15-12926,param,,,*.**.nic.phy80211p.thermalNoise,-110dBm,
General-1-20190312-21:26:15-12926,param,,,*.**.nic.phy80211p.decider,"xmldoc(""config.xml"")",
General-1-20190312-21:26:15-12926,param,,,*.**.nic.phy80211p.analogueModels,"xmldoc(""config.xml"")",
General-1-20190312-21:26:15-12926,param,,,*.**.nic.phy80211p.usePropagationDelay,true,
General-1-20190312-21:26:15-12926,param,,,*.**.nic.phy80211p.antenna,"xmldoc(""antenna.xml"", ""/root/Antenna[@id='monopole']"")",
General-1-20190312-21:26:15-12926,param,,,*.node[*].applType,"""RandomForestApp.NoAppCar""",
General-1-20190312-21:26:15-12926,param,,,*.node[*].appl.headerLength,80 bit,
General-1-20190312-21:26:15-12926,param,,,*.node[*].appl.sendBeacons,false,
General-1-20190312-21:26:15-12926,param,,,*.node[*].appl.dataOnSch,false,
General-1-20190312-21:26:15-12926,param,,,*.node[*].appl.beaconInterval,1s,
General-1-20190312-21:26:15-12926,param,,,*.node[*].veinsmobilityType.debug,true,
General-1-20190312-21:26:15-12926,param,,,*.node[*].veinsmobility.x,-1,
General-1-20190312-21:26:15-12926,param,,,*.node[*].veinsmobility.y,-1,
General-1-20190312-21:26:15-12926,param,,,*.node[*].veinsmobility.z,1.895,
General-1-20190312-21:26:15-12926,param,,,*.rsu[0].mobility.x,500,
General-1-20190312-21:26:15-12926,param,,,*.rsu[0].mobility.y,500,
General-1-20190312-21:26:15-12926,param,,,*.rsu[0].mobility.z,0,
General-1-20190312-21:26:15-12926,param,,,*.rsu[1].mobility.x,400,
General-1-20190312-21:26:15-12926,param,,,*.rsu[1].mobility.y,400,
General-1-20190312-21:26:15-12926,param,,,*.rsu[1].mobility.z,0,
General-1-20190312-21:26:15-12926,param,,,*.rsu[2].mobility.x,410,
General-1-20190312-21:26:15-12926,param,,,*.rsu[2].mobility.y,410,
General-1-20190312-21:26:15-12926,param,,,*.rsu[2].mobility.z,0,
General-1-20190312-21:26:15-12926,param,,,*.rsu[3].mobility.x,420,
General-1-20190312-21:26:15-12926,param,,,*.rsu[3].mobility.y,420,
General-1-20190312-21:26:15-12926,param,,,*.rsu[3].mobility.z,0,
General-1-20190312-21:26:15-12926,param,,,*.rsu[4].mobility.x,500,
General-1-20190312-21:26:15-12926,param,,,*.rsu[4].mobility.y,500,
General-1-20190312-21:26:15-12926,param,,,*.rsu[4].mobility.z,0,
General-1-20190312-21:26:15-12926,param,,,*.rsu[5].mobility.x,450,
General-1-20190312-21:26:15-12926,param,,,*.rsu[5].mobility.y,450,
General-1-20190312-21:26:15-12926,param,,,*.rsu[5].mobility.z,0,
General-1-20190312-21:26:15-12926,param,,,*.rsu[6].mobility.x,510,
General-1-20190312-21:26:15-12926,param,,,*.rsu[6].mobility.y,420,
General-1-20190312-21:26:15-12926,param,,,*.rsu[6].mobility.z,0,
General-1-20190312-21:26:15-12926,param,,,*.rsu[7].mobility.x,350,
General-1-20190312-21:26:15-12926,param,,,*.rsu[7].mobility.y,350,
General-1-20190312-21:26:15-12926,param,,,*.rsu[7].mobility.z,0,
General-1-20190312-21:26:15-12926,param,,,*.rsu[8].mobility.x,360,
General-1-20190312-21:26:15-12926,param,,,*.rsu[8].mobility.y,360,
General-1-20190312-21:26:15-12926,param,,,*.rsu[8].mobility.z,0,
General-1-20190312-21:26:15-12926,param,,,*.rsu[9].mobility.x,370,
General-1-20190312-21:26:15-12926,param,,,*.rsu[9].mobility.y,370,
General-1-20190312-21:26:15-12926,param,,,*.rsu[9].mobility.z,0,
General-1-20190312-21:26:15-12926,param,,,*.rsu[10].mobility.x,380,
General-1-20190312-21:26:15-12926,param,,,*.rsu[10].mobility.y,380,
General-1-20190312-21:26:15-12926,param,,,*.rsu[10].mobility.z,0,
General-1-20190312-21:26:15-12926,param,,,*.rsu[0].applType,"""RandomForestApp.NoAppCar""",
General-1-20190312-21:26:15-12926,param,,,*.rsu[2..10].applType,"""RandomForestApp.VirtualServer""",
General-1-20190312-21:26:15-12926,param,,,*.rsu[2].appl.computationPower,9.8,
General-1-20190312-21:26:15-12926,param,,,*.rsu[3].appl.computationPower,13.8,
General-1-20190312-21:26:15-12926,param,,,*.rsu[4].appl.computationPower,2.93,
General-1-20190312-21:26:15-12926,param,,,*.rsu[5].appl.computationPower,43.1,
General-1-20190312-21:26:15-12926,param,,,*.rsu[6].appl.computationPower,25.8,
General-1-20190312-21:26:15-12926,param,,,*.rsu[7].appl.computationPower,13.4,
General-1-20190312-21:26:15-12926,param,,,*.rsu[8].appl.computationPower,20.9,
General-1-20190312-21:26:15-12926,param,,,*.rsu[9].appl.computationPower,38.2,
General-1-20190312-21:26:15-12926,param,,,*.rsu[10].appl.computationPower,17.6,
General-1-20190312-21:26:15-12926,param,,,*.rsu[2..10].appl.minNumCars,14,
General-1-20190312-21:26:15-12926,param,,,*.rsu[2..10].appl.loadBalancerId,2,
General-1-20190312-21:26:15-12926,param,,,*.rsu[2].appl.id,0,
General-1-20190312-21:26:15-12926,param,,,*.rsu[3].appl.id,1,
General-1-20190312-21:26:15-12926,param,,,*.rsu[4].appl.id,2,
General-1-20190312-21:26:15-12926,param,,,*.rsu[5].appl.id,3,
General-1-20190312-21:26:15-12926,param,,,*.rsu[6].appl.id,4,
General-1-20190312-21:26:15-12926,param,,,*.rsu[7].appl.id,5,
General-1-20190312-21:26:15-12926,param,,,*.rsu[8].appl.id,6,
General-1-20190312-21:26:15-12926,param,,,*.rsu[9].appl.id,7,
General-1-20190312-21:26:15-12926,param,,,*.rsu[10].appl.id,8,
General-1-20190312-21:26:15-12926,param,,,*.rsu[2..10].appl.penaltyInterval,5,
General-1-20190312-21:26:15-12926,param,,,*.rsu[2..10].appl.expectedReliability,1,
General-1-20190312-21:26:15-12926,param,,,*.rsu[1].applType,"""RandomForestApp.LoadBalancer""",
General-1-20190312-21:26:15-12926,param,,,*.rsu[1].appl.id,2,
General-1-20190312-21:26:15-12926,param,,,*.rsu[1].appl.upperBound,8,
General-1-20190312-21:26:15-12926,param,,,*.rsu[1].appl.lowerBound,0,
General-1-20190312-21:26:15-12926,param,,,*.rsu[1].appl.timeOutIntervals,3,
General-1-20190312-21:26:15-12926,param,,,*.rsu[1].appl.expectedComputationWork,50,
General-1-20190312-21:26:15-12926,param,,,*.rsu[1].appl.replicationFactor,1,
General-1-20190312-21:26:15-12926,param,,,*.rsu[1].appl.reputationOn,false,
General-2-20190312-21:26:25-12926,runattr,,,configname,General,
General-2-20190312-21:26:25-12926,runattr,,,datetime,20190312-21:26:25,
General-2-20190312-21:26:25-12926,runattr,,,experiment,General,
General-2-20190312-21:26:25-12926,runattr,,,inifile,omnetpp.ini,
General-2-20190312-21:26:25-12926,runattr,,,iterationvars,$0=20,
General-2-20190312-21:26:25-12926,runattr,,,iterationvarsf,20-,
General-2-20190312-21:26:25-12926,runattr,,,measurement,$0=20,
General-2-20190312-21:26:25-12926,runattr,,,network,PasubioSimulation.MCPasubioScenario,
General-2-20190312-21:26:25-12926,runattr,,,processid,12926,
General-2-20190312-21:26:25-12926,runattr,,,repetition,0,
General-2-20190312-21:26:25-12926,runattr,,,replication,#0,
General-2-20190312-21:26:25-12926,runattr,,,resultdir,results,
General-2-20190312-21:26:25-12926,runattr,,,runnumber,2,
General-2-20190312-21:26:25-12926,runattr,,,seedset,5,
General-2-20190312-21:26:25-12926,param,,,MCPasubioScenario.numRsu,10,
General-2-20190312-21:26:25-12926,param,,,**.debug,false,
General-2-20190312-21:26:25-12926,param,,,**.coreDebug,false,
General-2-20190312-21:26:25-12926,param,,,*.playgroundSizeX,3000m,
General-2-20190312-21:26:25-12926,param,,,*.playgroundSizeY,3000m,
General-2-20190312-21:26:25-12926,param,,,*.playgroundSizeZ,100m,
General-2-20190312-21:26:25-12926,param,,,*.annotations.draw,true,
General-2-20190312-21:26:25-12926,param,,,*.manager.updateInterval,1s,
General-2-20190312-21:26:25-12926,param,,,*.manager.host,"""localhost""",
General-2-20190312-21:26:25-12926,param,,,*.manager.port,9999,
General-2-20190312-21:26:25-12926,param,,,*.manager.autoShutdown,true,
General-2-20190312-21:26:25-12926,param,,,*.manager.launchConfig,"xmldoc(""pasubio.launchd.xml"")",
General-2-20190312-21:26:25-12926,param,,,*.rsu[*].appl.headerLength,80 bit,
General-2-20190312-21:26:25-12926,param,,,*.rsu[*].appl.sendBeacons,false,
General-2-20190312-21:26:25-12926,param,,,*.rsu[*].appl.dataOnSch,false,
General-2-20190312-21:26:25-12926,param,,,*.rsu[*].appl.beaconInterval,1s,
General-2-20190312-21:26:25-12926,param,,,*.connectionManager.sendDirect,true,
General-2-20190312-21:26:25-12926,param,,,*.connectionManager.maxInterfDist,2600m,
General-2-20190312-21:26:25-12926,param,,,*.connectionManager.drawMaxIntfDist,false,
General-2-20190312-21:26:25-12926,param,,,*.**.nic.mac1609_4.useServiceChannel,false,
General-2-20190312-21:26:25-12926,param,,,*.**.nic.mac1609_4.txPower,20mW,
General-2-20190312-21:26:25-12926,param,,,*.**.nic.mac1609_4.bitrate,6Mbps,
General-2-20190312-21:26:25-12926,param,,,*.**.nic.phy80211p.sensitivity,-89dBm,
General-2-20190312-21:26:25-12926,param,,,*.**.nic.phy80211p.useThermalNoise,true,
General-2-20190312-21:26:25-12926,param,,,*.**.nic.phy80211p.thermalNoise,-110dBm,
General-2-20190312-21:26:25-12926,param,,,*.**.nic.phy80211p.decider,"xmldoc(""config.xml"")",
General-2-20190312-21:26:25-12926,param,,,*.**.nic.phy80211p.analogueModels,"xmldoc(""config.xml"")",
General-2-20190312-21:26:25-12926,param,,,*.**.nic.phy80211p.usePropagationDelay,true,
General-2-20190312-21:26:25-12926,param,,,*.**.nic.phy80211p.antenna,"xmldoc(""antenna.xml"", ""/root/Antenna[@id='monopole']"")",
General-2-20190312-21:26:25-12926,param,,,*.node[*].applType,"""RandomForestApp.NoAppCar""",
General-2-20190312-21:26:25-12926,param,,,*.node[*].appl.headerLength,80 bit,
General-2-20190312-21:26:25-12926,param,,,*.node[*].appl.sendBeacons,false,
General-2-20190312-21:26:25-12926,param,,,*.node[*].appl.dataOnSch,false,
General-2-20190312-21:26:25-12926,param,,,*.node[*].appl.beaconInterval,1s,
General-2-20190312-21:26:25-12926,param,,,*.node[*].veinsmobilityType.debug,true,
General-2-20190312-21:26:25-12926,param,,,*.node[*].veinsmobility.x,-1,
General-2-20190312-21:26:25-12926,param,,,*.node[*].veinsmobility.y,-1,
General-2-20190312-21:26:25-12926,param,,,*.node[*].veinsmobility.z,1.895,
General-2-20190312-21:26:25-12926,param,,,*.rsu[0].mobility.x,500,
General-2-20190312-21:26:25-12926,param,,,*.rsu[0].mobility.y,500,
General-2-20190312-21:26:25-12926,param,,,*.rsu[0].mobility.z,0,
General-2-20190312-21:26:25-12926,param,,,*.rsu[1].mobility.x,400,
General-2-20190312-21:26:25-12926,param,,,*.rsu[1].mobility.y,400,
General-2-20190312-21:26:25-12926,param,,,*.rsu[1].mobility.z,0,
General-2-20190312-21:26:25-12926,param,,,*.rsu[2].mobility.x,410,
General-2-20190312-21:26:25-12926,param,,,*.rsu[2].mobility.y,410,
General-2-20190312-21:26:25-12926,param,,,*.rsu[2].mobility.z,0,
General-2-20190312-21:26:25-12926,param,,,*.rsu[3].mobility.x,420,
General-2-20190312-21:26:25-12926,param,,,*.rsu[3].mobility.y,420,
General-2-20190312-21:26:25-12926,param,,,*.rsu[3].mobility.z,0,
General-2-20190312-21:26:25-12926,param,,,*.rsu[4].mobility.x,500,
General-2-20190312-21:26:25-12926,param,,,*.rsu[4].mobility.y,500,
General-2-20190312-21:26:25-12926,param,,,*.rsu[4].mobility.z,0,
General-2-20190312-21:26:25-12926,param,,,*.rsu[5].mobility.x,450,
General-2-20190312-21:26:25-12926,param,,,*.rsu[5].mobility.y,450,
General-2-20190312-21:26:25-12926,param,,,*.rsu[5].mobility.z,0,
General-2-20190312-21:26:25-12926,param,,,*.rsu[6].mobility.x,510,
General-2-20190312-21:26:25-12926,param,,,*.rsu[6].mobility.y,420,
General-2-20190312-21:26:25-12926,param,,,*.rsu[6].mobility.z,0,
General-2-20190312-21:26:25-12926,param,,,*.rsu[7].mobility.x,350,
General-2-20190312-21:26:25-12926,param,,,*.rsu[7].mobility.y,350,
General-2-20190312-21:26:25-12926,param,,,*.rsu[7].mobility.z,0,
General-2-20190312-21:26:25-12926,param,,,*.rsu[8].mobility.x,360,
General-2-20190312-21:26:25-12926,param,,,*.rsu[8].mobility.y,360,
General-2-20190312-21:26:25-12926,param,,,*.rsu[8].mobility.z,0,
General-2-20190312-21:26:25-12926,param,,,*.rsu[9].mobility.x,370,
General-2-20190312-21:26:25-12926,param,,,*.rsu[9].mobility.y,370,
General-2-20190312-21:26:25-12926,param,,,*.rsu[9].mobility.z,0,
General-2-20190312-21:26:25-12926,param,,,*.rsu[10].mobility.x,380,
General-2-20190312-21:26:25-12926,param,,,*.rsu[10].mobility.y,380,
General-2-20190312-21:26:25-12926,param,,,*.rsu[10].mobility.z,0,
General-2-20190312-21:26:25-12926,param,,,*.rsu[0].applType,"""RandomForestApp.NoAppCar""",
General-2-20190312-21:26:25-12926,param,,,*.rsu[2..10].applType,"""RandomForestApp.VirtualServer""",
General-2-20190312-21:26:25-12926,param,,,*.rsu[2].appl.computationPower,9.8,
General-2-20190312-21:26:25-12926,param,,,*.rsu[3].appl.computationPower,13.8,
General-2-20190312-21:26:25-12926,param,,,*.rsu[4].appl.computationPower,2.93,
General-2-20190312-21:26:25-12926,param,,,*.rsu[5].appl.computationPower,43.1,
General-2-20190312-21:26:25-12926,param,,,*.rsu[6].appl.computationPower,25.8,
General-2-20190312-21:26:25-12926,param,,,*.rsu[7].appl.computationPower,13.4,
General-2-20190312-21:26:25-12926,param,,,*.rsu[8].appl.computationPower,20.9,
General-2-20190312-21:26:25-12926,param,,,*.rsu[9].appl.computationPower,38.2,
General-2-20190312-21:26:25-12926,param,,,*.rsu[10].appl.computationPower,17.6,
General-2-20190312-21:26:25-12926,param,,,*.rsu[2..10].appl.minNumCars,20,
General-2-20190312-21:26:25-12926,param,,,*.rsu[2..10].appl.loadBalancerId,2,
General-2-20190312-21:26:25-12926,param,,,*.rsu[2].appl.id,0,
General-2-20190312-21:26:25-12926,param,,,*.rsu[3].appl.id,1,
General-2-20190312-21:26:25-12926,param,,,*.rsu[4].appl.id,2,
General-2-20190312-21:26:25-12926,param,,,*.rsu[5].appl.id,3,
General-2-20190312-21:26:25-12926,param,,,*.rsu[6].appl.id,4,
General-2-20190312-21:26:25-12926,param,,,*.rsu[7].appl.id,5,
General-2-20190312-21:26:25-12926,param,,,*.rsu[8].appl.id,6,
General-2-20190312-21:26:25-12926,param,,,*.rsu[9].appl.id,7,
General-2-20190312-21:26:25-12926,param,,,*.rsu[10].appl.id,8,
General-2-20190312-21:26:25-12926,param,,,*.rsu[2..10].appl.penaltyInterval,5,
General-2-20190312-21:26:25-12926,param,,,*.rsu[2..10].appl.expectedReliability,1,
General-2-20190312-21:26:25-12926,param,,,*.rsu[1].applType,"""RandomForestApp.LoadBalancer""",
General-2-20190312-21:26:25-12926,param,,,*.rsu[1].appl.id,2,
General-2-20190312-21:26:25-12926,param,,,*.rsu[1].appl.upperBound,8,
General-2-20190312-21:26:25-12926,param,,,*.rsu[1].appl.lowerBound,0,
General-2-20190312-21:26:25-12926,param,,,*.rsu[1].appl.timeOutIntervals,3,
General-2-20190312-21:26:25-12926,param,,,*.rsu[1].appl.expectedComputationWork,50,
General-2-20190312-21:26:25-12926,param,,,*.rsu[1].appl.replicationFactor,1,
General-2-20190312-21:26:25-12926,param,,,*.rsu[1].appl.reputationOn,false,
General-1-20190312-21:26:15-12926,scalar,MCPasubioScenario.manager,roiArea,,,0
General-1-20190312-21:26:15-12926,scalar,MCPasubioScenario.rsu[0].appl,generatedWSMs,,,0
General-1-20190312-21:26:15-12926,scalar,MCPasubioScenario.rsu[0].appl,receivedWSMs,,,24417
General-1-20190312-21:26:15-12926,scalar,MCPasubioScenario.rsu[0].appl,generatedBSMs,,,0
General-1-20190312-21:26:15-12926,scalar,MCPasubioScenario.rsu[0].appl,receivedBSMs,,,0
General-1-20190312-21:26:15-12926,scalar,MCPasubioScenario.rsu[0].appl,generatedWSAs,,,0
General-1-20190312-21:26:15-12926,scalar,MCPasubioScenario.rsu[0].appl,receivedWSAs,,,0
General-1-20190312-21:26:15-12926,scalar,MCPasubioScenario.rsu[0].nic.phy80211p,busyTime,,,0.0012314660869559
General-1-20190312-21:26:15-12926,scalar,MCPasubioScenario.rsu[0].nic.mac1609_4,ReceivedUnicastPackets,,,0
General-1-20190312-21:26:15-12926,scalar,MCPasubioScenario.rsu[0].nic.mac1609_4,ReceivedBroadcasts,,,24417
General-1-20190312-21:26:15-12926,scalar,MCPasubioScenario.rsu[0].nic.mac1609_4,SentPackets,,,0
General-1-20190312-21:26:15-12926,scalar,MCPasubioScenario.rsu[0].nic.mac1609_4,SentAcknowledgements,,,0
General-1-20190312-21:26:15-12926,scalar,MCPasubioScenario.rsu[0].nic.mac1609_4,SNIRLostPackets,,,0
General-1-20190312-21:26:15-12926,scalar,MCPasubioScenario.rsu[0].nic.mac1609_4,RXTXLostPackets,,,0
General-1-20190312-21:26:15-12926,scalar,MCPasubioScenario.rsu[0].nic.mac1609_4,TotalLostPackets,,,0
General-1-20190312-21:26:15-12926,scalar,MCPasubioScenario.rsu[0].nic.mac1609_4,DroppedPacketsInMac,,,0
General-1-20190312-21:26:15-12926,scalar,MCPasubioScenario.rsu[0].nic.mac1609_4,TooLittleTime,,,0
General-1-20190312-21:26:15-12926,scalar,MCPasubioScenario.rsu[0].nic.mac1609_4,TimesIntoBackoff,,,0
General-1-20190312-21:26:15-12926,scalar,MCPasubioScenario.rsu[0].nic.mac1609_4,SlotsBackoff,,,0
General-1-20190312-21:26:15-12926,scalar,MCPasubioScenario.rsu[0].nic.mac1609_4,NumInternalContention,,,0
General-1-20190312-21:26:15-12926,scalar,MCPasubioScenario.rsu[0].nic.mac1609_4,totalBusyTime,,,5.664744
General-1-20190312-21:26:15-12926,scalar,MCPasubioScenario.rsu[1].appl,Micro-cloud : 0 work finished,,,1200
General-1-20190312-21:26:15-12926,scalar,MCPasubioScenario.rsu[1].appl,Micro-cloud : 1 work finished,,,6150
General-1-20190312-21:26:15-12926,scalar,MCPasubioScenario.rsu[1].appl,Micro-cloud : 2 work finished,,,750
General-1-20190312-21:26:15-12926,scalar,MCPasubioScenario.rsu[1].appl,Micro-cloud : 3 work finished,,,32100
General-1-20190312-21:26:15-12926,scalar,MCPasubioScenario.rsu[1].appl,Micro-cloud : 4 work finished,,,18900
General-1-20190312-21:26:15-12926,scalar,MCPasubioScenario.rsu[1].appl,Micro-cloud : 5 work finished,,,6700
General-1-20190312-21:26:15-12926,scalar,MCPasubioScenario.rsu[1].appl,Micro-cloud : 6 work finished,,,14700
General-1-20190312-21:26:15-12926,scalar,MCPasubioScenario.rsu[1].appl,Micro-cloud : 7 work finished,,,28300
General-1-20190312-21:26:15-12926,scalar,MCPasubioScenario.rsu[1].appl,Micro-cloud : 8 work finished,,,0
General-1-20190312-21:26:15-12926,scalar,MCPasubioScenario.rsu[1].appl,Load Balancer : 2 work finished,,,108800
General-1-20190312-21:26:15-12926,scalar,MCPasubioScenario.rsu[1].appl,Load Balancer : 2 sequential task,,,2176
General-1-20190312-21:26:15-12926,scalar,MCPasubioScenario.rsu[1].nic.phy80211p,busyTime,,,0.00098968173913025
General-1-20190312-21:26:15-12926,scalar,MCPasubioScenario.rsu[1].nic.mac1609_4,ReceivedUnicastPackets,,,0
General-1-20190312-21:26:15-12926,scalar,MCPasubioScenario.rsu[1].nic.mac1609_4,ReceivedBroadcasts,,,19623
General-1-20190312-21:26:15-12926,scalar,MCPasubioScenario.rsu[1].nic.mac1609_4,SentPackets,,,4794
General-1-20190312-21:26:15-12926,scalar,MCPasubioScenario.rsu[1].nic.mac1609_4,SentAcknowledgements,,,0
General-1-20190312-21:26:15-12926,scalar,MCPasubioScenario.rsu[1].nic.mac1609_4,SNIRLostPackets,,,0
General-1-20190312-21:26:15-12926,scalar,MCPasubioScenario.rsu[1].nic.mac1609_4,RXTXLostPackets,,,0
General-1-20190312-21:26:15-12926,scalar,MCPasubioScenario.rsu[1].nic.mac1609_4,TotalLostPackets,,,0
General-1-20190312-21:26:15-12926,scalar,MCPasubioScenario.rsu[1].nic.mac1609_4,DroppedPacketsInMac,,,0
General-1-20190312-21:26:15-12926,scalar,MCPasubioScenario.rsu[1].nic.mac1609_4,TooLittleTime,,,0
General-1-20190312-21:26:15-12926,scalar,MCPasubioScenario.rsu[1].nic.mac1609_4,TimesIntoBackoff,,,4794
General-1-20190312-21:26:15-12926,scalar,MCPasubioScenario.rsu[1].nic.mac1609_4,SlotsBackoff,,,7082
General-1-20190312-21:26:15-12926,scalar,MCPasubioScenario.rsu[1].nic.mac1609_4,NumInternalContention,,,0
General-1-20190312-21:26:15-12926,scalar,MCPasubioScenario.rsu[1].nic.mac1609_4,totalBusyTime,,,5.669538
General-1-20190312-21:26:15-12926,scalar,MCPasubioScenario.rsu[2].appl,Micro-cloud :0 failed,,,2985
General-1-20190312-21:26:15-12926,scalar,MCPasubioScenario.rsu[2].nic.phy80211p,busyTime,,,0.0011799721739125
General-1-20190312-21:26:15-12926,scalar,MCPasubioScenario.rsu[2].nic.mac1609_4,ReceivedUnicastPackets,,,0
General-1-20190312-21:26:15-12926,scalar,MCPasubioScenario.rsu[2].nic.mac1609_4,ReceivedBroadcasts,,,23396
General-1-20190312-21:26:15-12926,scalar,MCPasubioScenario.rsu[2].nic.mac1609_4,SentPackets,,,1021
General-1-20190312-21:26:15-12926,scalar,MCPasubioScenario.rsu[2].nic.mac1609_4,SentAcknowledgements,,,0
General-1-20190312-21:26:15-12926,scalar,MCPasubioScenario.rsu[2].nic.mac1609_4,SNIRLostPackets,,,0
General-1-20190312-21:26:15-12926,scalar,MCPasubioScenario.rsu[2].nic.mac1609_4,RXTXLostPackets,,,0
General-1-20190312-21:26:15-12926,scalar,MCPasubioScenario.rsu[2].nic.mac1609_4,TotalLostPackets,,,0
General-1-20190312-21:26:15-12926,scalar,MCPasubioScenario.rsu[2].nic.mac1609_4,DroppedPacketsInMac,,,0
General-1-20190312-21:26:15-12926,scalar,MCPasubioScenario.rsu[2].nic.mac1609_4,TooLittleTime,,,0
General-1-20190312-21:26:15-12926,scalar,MCPasubioScenario.rsu[2].nic.mac1609_4,TimesIntoBackoff,,,1021
General-1-20190312-21:26:15-12926,scalar,MCPasubioScenario.rsu[2].nic.mac1609_4,SlotsBackoff,,,1574
General-1-20190312-21:26:15-12926,scalar,MCPasubioScenario.rsu[2].nic.mac1609_4,NumInternalContention,,,0
General-1-20190312-21:26:15-12926,scalar,MCPasubioScenario.rsu[2].nic.mac1609_4,totalBusyTime,,,5.665765
General-1-20190312-21:26:15-12926,scalar,MCPasubioScenario.rsu[3].appl,Micro-cloud :1 failed,,,2295
General-1-20190312-21:26:15-12926,scalar,MCPasubioScenario.rsu[3].nic.phy80211p,busyTime,,,0.0011382626086952
General-1-20190312-21:26:15-12926,scalar,MCPasubioScenario.rsu[3].nic.mac1609_4,ReceivedUnicastPackets,,,0
General-1-20190312-21:26:15-12926,scalar,MCPasubioScenario.rsu[3].nic.mac1609_4,ReceivedBroadcasts,,,22569
General-1-20190312-21:26:15-12926,scalar,MCPasubioScenario.rsu[3].nic.mac1609_4,SentPackets,,,1848
General-1-20190312-21:26:15-12926,scalar,MCPasubioScenario.rsu[3].nic.mac1609_4,SentAcknowledgements,,,0
General-1-20190312-21:26:15-12926,scalar,MCPasubioScenario.rsu[3].nic.mac1609_4,SNIRLostPackets,,,0
General-1-20190312-21:26:15-12926,scalar,MCPasubioScenario.rsu[3].nic.mac1609_4,RXTXLostPackets,,,0
General-1-20190312-21:26:15-12926,scalar,MCPasubioScenario.rsu[3].nic.mac1609_4,TotalLostPackets,,,0
General-1-20190312-21:26:15-12926,scalar,MCPasubioScenario.rsu[3].nic.mac1609_4,DroppedPacketsInMac,,,0
General-1-20190312-21:26:15-12926,scalar,MCPasubioScenario.rsu[3].nic.mac1609_4,TooLittleTime,,,0
General-1-20190312-21:26:15-12926,scalar,MCPasubioScenario.rsu[3].nic.mac1609_4,TimesIntoBackoff,,,1848
General-1-20190312-21:26:15-12926,scalar,MCPasubioScenario.rsu[3].nic.mac1609_4,SlotsBackoff,,,2732
General-1-20190312-21:26:15-12926,scalar,MCPasubioScenario.rsu[3].nic.mac1609_4,NumInternalContention,,,0
General-1-20190312-21:26:15-12926,scalar,MCPasubioScenario.rsu[3].nic.mac1609_4,totalBusyTime,,,5.666592
General-1-20190312-21:26:15-12926,scalar,MCPasubioScenario.rsu[4].appl,Micro-cloud :2 failed,,,3640
General-1-20190312-21:26:15-12926,scalar,MCPasubioScenario.rsu[4].nic.phy80211p,busyTime,,,0.0012196643478255
General-1-20190312-21:26:15-12926,scalar,MCPasubioScenario.rsu[4].nic.mac1609_4,ReceivedUnicastPackets,,,0
General-1-20190312-21:26:15-12926,scalar,MCPasubioScenario.rsu[4].nic.mac1609_4,ReceivedBroadcasts,,,24183
General-1-20190312-21:26:15-12926,scalar,MCPasubioScenario.rsu[4].nic.mac1609_4,SentPackets,,,234
General-1-20190312-21:26:15-12926,scalar,MCPasubioScenario.rsu[4].nic.mac1609_4,SentAcknowledgements,,,0
General-1-20190312-21:26:15-12926,scalar,MCPasubioScenario.rsu[4].nic.mac1609_4,SNIRLostPackets,,,0
General-1-20190312-21:26:15-12926,scalar,MCPasubioScenario.rsu[4].nic.mac1609_4,RXTXLostPackets,,,0
General-1-20190312-21:26:15-12926,scalar,MCPasubioScenario.rsu[4].nic.mac1609_4,TotalLostPackets,,,0
General-1-20190312-21:26:15-12926,scalar,MCPasubioScenario.rsu[4].nic.mac1609_4,DroppedPacketsInMac,,,0
General-1-20190312-21:26:15-12926,scalar,MCPasubioScenario.rsu[4].nic.mac1609_4,TooLittleTime,,,0
General-1-20190312-21:26:15-12926,scalar,MCPasubioScenario.rsu[4].nic.mac1609_4,TimesIntoBackoff,,,234
General-1-20190312-21:26:15-12926,scalar,MCPasubioScenario.rsu[4].nic.mac1609_4,SlotsBackoff,,,324
General-1-20190312-21:26:15-12926,scalar,MCPasubioScenario.rsu[4].nic.mac1609_4,NumInternalContention,,,0
General-1-20190312-21:26:15-12926,scalar,MCPasubioScenario.rsu[4].nic.mac1609_4,totalBusyTime,,,5.664978
General-1-20190312-21:26:15-12926,scalar,MCPasubioScenario.rsu[5].appl,Micro-cloud :3 failed,,,595
General-1-20190312-21:26:15-12926,scalar,MCPasubioScenario.rsu[5].nic.phy80211p,busyTime,,,0.0010352747826084
General-1-20190312-21:26:15-12926,scalar,MCPasubioScenario.rsu[5].nic.mac1609_4,ReceivedUnicastPackets,,,0
General-1-20190312-21:26:15-12926,scalar,MCPasubioScenario.rsu[5].nic.mac1609_4,ReceivedBroadcasts,,,20527
General-1-20190312-21:26:15-12926,scalar,MCPasubioScenario.rsu[5].nic.mac1609_4,SentPackets,,,3890
General-1-20190312-21:26:15-12926,scalar,MCPasubioScenario.rsu[5].nic.mac1609_4,SentAcknowledgements,,,0
General-1-20190312-21:26:15-12926,scalar,MCPasubioScenario.rsu[5].nic.mac1609_4,SNIRLostPackets,,,0
General-1-20190312-21:26:15-12926,scalar,MCPasubioScenario.rsu[5].nic.mac1609_4,RXTXLostPackets,,,0
General-1-20190312-21:26:15-12926,scalar,MCPasubioScenario.rsu[5].nic.mac1609_4,TotalLostPackets,,,0
General-1-20190312-21:26:15-12926,scalar,MCPasubioScenario.rsu[5].nic.mac1609_4,DroppedPacketsInMac,,,0
General-1-20190312-21:26:15-12926,scalar,MCPasubioScenario.rsu[5].nic.mac1609_4,TooLittleTime,,,0
General-1-20190312-21:26:15-12926,scalar,MCPasubioScenario.rsu[5].nic.mac1609_4,TimesIntoBackoff,,,3890
General-1-20190312-21:26:15-12926,scalar,MCPasubioScenario.rsu[5].nic.mac1609_4,SlotsBackoff,,,5886
General-1-20190312-21:26:15-12926,scalar,MCPasubioScenario.rsu[5].nic.mac1609_4,NumInternalContention,,,0
General-1-20190312-21:26:15-12926,scalar,MCPasubioScenario.rsu[5].nic.mac1609_4,totalBusyTime,,,5.668634
General-1-20190312-21:26:15-12926,scalar,MCPasubioScenario.rsu[6].appl,Micro-cloud :4 failed,,,915
General-1-20190312-21:26:15-12926,scalar,MCPasubioScenario.rsu[6].nic.phy80211p,busyTime,,,0.001054793043478
General-1-20190312-21:26:15-12926,scalar,MCPasubioScenario.rsu[6].nic.mac1609_4,ReceivedUnicastPackets,,,0
General-1-20190312-21:26:15-12926,scalar,MCPasubioScenario.rsu[6].nic.mac1609_4,ReceivedBroadcasts,,,20914
General-1-20190312-21:26:15-12926,scalar,MCPasubioScenario.rsu[6].nic.mac1609_4,SentPackets,,,3503
General-1-20190312-21:26:15-12926,scalar,MCPasubioScenario.rsu[6].nic.mac1609_4,SentAcknowledgements,,,0
General-1-20190312-21:26:15-12926,scalar,MCPasubioScenario.rsu[6].nic.mac1609_4,SNIRLostPackets,,,0
General-1-20190312-21:26:15-12926,scalar,MCPasubioScenario.rsu[6].nic.mac1609_4,RXTXLostPackets,,,0
General-1-20190312-21:26:15-12926,scalar,MCPasubioScenario.rsu[6].nic.mac1609_4,TotalLostPackets,,,0
General-1-20190312-21:26:15-12926,scalar,MCPasubioScenario.rsu[6].nic.mac1609_4,DroppedPacketsInMac,,,0
General-1-20190312-21:26:15-12926,scalar,MCPasubioScenario.rsu[6].nic.mac1609_4,TooLittleTime,,,0
General-1-20190312-21:26:15-12926,scalar,MCPasubioScenario.rsu[6].nic.mac1609_4,TimesIntoBackoff,,,3503
General-1-20190312-21:26:15-12926,scalar,MCPasubioScenario.rsu[6].nic.mac1609_4,SlotsBackoff,,,5181
General-1-20190312-21:26:15-12926,scalar,MCPasubioScenario.rsu[6].nic.mac1609_4,NumInternalContention,,,0
General-1-20190312-21:26:15-12926,scalar,MCPasubioScenario.rsu[6].nic.mac1609_4,totalBusyTime,,,5.668247
General-1-20190312-21:26:15-12926,scalar,MCPasubioScenario.rsu[7].appl,Micro-cloud :5 failed,,,2235
General-1-20190312-21:26:15-12926,scalar,MCPasubioScenario.rsu[7].nic.phy80211p,busyTime,,,0.0011347321739126
General-1-20190312-21:26:15-12926,scalar,MCPasubioScenario.rsu[7].nic.mac1609_4,ReceivedUnicastPackets,,,0
General-1-20190312-21:26:15-12926,scalar,MCPasubioScenario.rsu[7].nic.mac1609_4,ReceivedBroadcasts,,,22499
General-1-20190312-21:26:15-12926,scalar,MCPasubioScenario.rsu[7].nic.mac1609_4,SentPackets,,,1918
General-1-20190312-21:26:15-12926,scalar,MCPasubioScenario.rsu[7].nic.mac1609_4,SentAcknowledgements,,,0
General-1-20190312-21:26:15-12926,scalar,MCPasubioScenario.rsu[7].nic.mac1609_4,SNIRLostPackets,,,0
General-1-20190312-21:26:15-12926,scalar,MCPasubioScenario.rsu[7].nic.mac1609_4,RXTXLostPackets,,,0
General-1-20190312-21:26:15-12926,scalar,MCPasubioScenario.rsu[7].nic.mac1609_4,TotalLostPackets,,,0
General-1-20190312-21:26:15-12926,scalar,MCPasubioScenario.rsu[7].nic.mac1609_4,DroppedPacketsInMac,,,0
General-1-20190312-21:26:15-12926,scalar,MCPasubioScenario.rsu[7].nic.mac1609_4,TooLittleTime,,,0
General-1-20190312-21:26:15-12926,scalar,MCPasubioScenario.rsu[7].nic.mac1609_4,TimesIntoBackoff,,,1918
General-1-20190312-21:26:15-12926,scalar,MCPasubioScenario.rsu[7].nic.mac1609_4,SlotsBackoff,,,2942
General-1-20190312-21:26:15-12926,scalar,MCPasubioScenario.rsu[7].nic.mac1609_4,NumInternalContention,,,0
General-1-20190312-21:26:15-12926,scalar,MCPasubioScenario.rsu[7].nic.mac1609_4,totalBusyTime,,,5.666662
General-1-20190312-21:26:15-12926,scalar,MCPasubioScenario.rsu[8].appl,Micro-cloud :6 failed,,,1235
General-1-20190312-21:26:15-12926,scalar,MCPasubioScenario.rsu[8].nic.phy80211p,busyTime,,,0.0010741599999997
General-1-20190312-21:26:15-12926,scalar,MCPasubioScenario.rsu[8].nic.mac1609_4,ReceivedUnicastPackets,,,0
General-1-20190312-21:26:15-12926,scalar,MCPasubioScenario.rsu[8].nic.mac1609_4,ReceivedBroadcasts,,,21298
General-1-20190312-21:26:15-12926,scalar,MCPasubioScenario.rsu[8].nic.mac1609_4,SentPackets,,,3119
General-1-20190312-21:26:15-12926,scalar,MCPasubioScenario.rsu[8].nic.mac1609_4,SentAcknowledgements,,,0
General-1-20190312-21:26:15-12926,scalar,MCPasubioScenario.rsu[8].nic.mac1609_4,SNIRLostPackets,,,0
General-1-20190312-21:26:15-12926,scalar,MCPasubioScenario.rsu[8].nic.mac1609_4,RXTXLostPackets,,,0
General-1-20190312-21:26:15-12926,scalar,MCPasubioScenario.rsu[8].nic.mac1609_4,TotalLostPackets,,,0
General-1-20190312-21:26:15-12926,scalar,MCPasubioScenario.rsu[8].nic.mac1609_4,DroppedPacketsInMac,,,0
General-1-20190312-21:26:15-12926,scalar,MCPasubioScenario.rsu[8].nic.mac1609_4,TooLittleTime,,,0
General-1-20190312-21:26:15-12926,scalar,MCPasubioScenario.rsu[8].nic.mac1609_4,TimesIntoBackoff,,,3119
General-1-20190312-21:26:15-12926,scalar,MCPasubioScenario.rsu[8].nic.mac1609_4,SlotsBackoff,,,4660
General-1-20190312-21:26:15-12926,scalar,MCPasubioScenario.rsu[8].nic.mac1609_4,NumInternalContention,,,0
General-1-20190312-21:26:15-12926,scalar,MCPasubioScenario.rsu[8].nic.mac1609_4,totalBusyTime,,,5.667863
General-1-20190312-21:26:15-12926,scalar,MCPasubioScenario.rsu[9].appl,Micro-cloud :7 failed,,,425
General-1-20190312-21:26:15-12926,scalar,MCPasubioScenario.rsu[9].nic.phy80211p,busyTime,,,0.0010251878260867
General-1-20190312-21:26:15-12926,scalar,MCPasubioScenario.rsu[9].nic.mac1609_4,ReceivedUnicastPackets,,,0
General-1-20190312-21:26:15-12926,scalar,MCPasubioScenario.rsu[9].nic.mac1609_4,ReceivedBroadcasts,,,20327
General-1-20190312-21:26:15-12926,scalar,MCPasubioScenario.rsu[9].nic.mac1609_4,SentPackets,,,4090
General-1-20190312-21:26:15-12926,scalar,MCPasubioScenario.rsu[9].nic.mac1609_4,SentAcknowledgements,,,0
General-1-20190312-21:26:15-12926,scalar,MCPasubioScenario.rsu[9].nic.mac1609_4,SNIRLostPackets,,,0
General-1-20190312-21:26:15-12926,scalar,MCPasubioScenario.rsu[9].nic.mac1609_4,RXTXLostPackets,,,0
General-1-20190312-21:26:15-12926,scalar,MCPasubioScenario.rsu[9].nic.mac1609_4,TotalLostPackets,,,0
General-1-20190312-21:26:15-12926,scalar,MCPasubioScenario.rsu[9].nic.mac1609_4,DroppedPacketsInMac,,,0
General-1-20190312-21:26:15-12926,scalar,MCPasubioScenario.rsu[9].nic.mac1609_4,TooLittleTime,,,0
General-1-20190312-21:26:15-12926,scalar,MCPasubioScenario.rsu[9].nic.mac1609_4,TimesIntoBackoff,,,4090
General-1-20190312-21:26:15-12926,scalar,MCPasubioScenario.rsu[9].nic.mac1609_4,SlotsBackoff,,,6124
General-1-20190312-21:26:15-12926,scalar,MCPasubioScenario.rsu[9].nic.mac1609_4,NumInternalContention,,,0
General-1-20190312-21:26:15-12926,scalar,MCPasubioScenario.rsu[9].nic.mac1609_4,totalBusyTime,,,5.668834
General-2-20190312-21:26:25-12926,scalar,MCPasubioScenario.manager,roiArea,,,0
General-2-20190312-21:26:25-12926,scalar,MCPasubioScenario.rsu[0].appl,generatedWSMs,,,0
General-2-20190312-21:26:25-12926,scalar,MCPasubioScenario.rsu[0].appl,receivedWSMs,,,20171
General-2-20190312-21:26:25-12926,scalar,MCPasubioScenario.rsu[0].appl,generatedBSMs,,,0
General-2-20190312-21:26:25-12926,scalar,MCPasubioScenario.rsu[0].appl,receivedBSMs,,,0
General-2-20190312-21:26:25-12926,scalar,MCPasubioScenario.rsu[0].appl,generatedWSAs,,,0
General-2-20190312-21:26:25-12926,scalar,MCPasubioScenario.rsu[0].appl,receivedWSAs,,,0
General-2-20190312-21:26:25-12926,scalar,MCPasubioScenario.rsu[0].nic.phy80211p,busyTime,,,0.0010173199999998
General-2-20190312-21:26:25-12926,scalar,MCPasubioScenario.rsu[0].nic.mac1609_4,ReceivedUnicastPackets,,,0
General-2-20190312-21:26:25-12926,scalar,MCPasubioScenario.rsu[0].nic.mac1609_4,ReceivedBroadcasts,,,20171
General-2-20190312-21:26:25-12926,scalar,MCPasubioScenario.rsu[0].nic.mac1609_4,SentPackets,,,0
General-2-20190312-21:26:25-12926,scalar,MCPasubioScenario.rsu[0].nic.mac1609_4,SentAcknowledgements,,,0
General-2-20190312-21:26:25-12926,scalar,MCPasubioScenario.rsu[0].nic.mac1609_4,SNIRLostPackets,,,0
General-2-20190312-21:26:25-12926,scalar,MCPasubioScenario.rsu[0].nic.mac1609_4,RXTXLostPackets,,,0
General-2-20190312-21:26:25-12926,scalar,MCPasubioScenario.rsu[0].nic.mac1609_4,TotalLostPackets,,,0
General-2-20190312-21:26:25-12926,scalar,MCPasubioScenario.rsu[0].nic.mac1609_4,DroppedPacketsInMac,,,0
General-2-20190312-21:26:25-12926,scalar,MCPasubioScenario.rsu[0].nic.mac1609_4,TooLittleTime,,,0
General-2-20190312-21:26:25-12926,scalar,MCPasubioScenario.rsu[0].nic.mac1609_4,TimesIntoBackoff,,,0
General-2-20190312-21:26:25-12926,scalar,MCPasubioScenario.rsu[0].nic.mac1609_4,SlotsBackoff,,,0
General-2-20190312-21:26:25-12926,scalar,MCPasubioScenario.rsu[0].nic.mac1609_4,NumInternalContention,,,0
General-2-20190312-21:26:25-12926,scalar,MCPasubioScenario.rsu[0].nic.mac1609_4,totalBusyTime,,,4.679672
General-2-20190312-21:26:25-12926,scalar,MCPasubioScenario.rsu[1].appl,Micro-cloud : 0 work finished,,,150
General-2-20190312-21:26:25-12926,scalar,MCPasubioScenario.rsu[1].appl,Micro-cloud : 1 work finished,,,4350
General-2-20190312-21:26:25-12926,scalar,MCPasubioScenario.rsu[1].appl,Micro-cloud : 2 work finished,,,450
General-2-20190312-21:26:25-12926,scalar,MCPasubioScenario.rsu[1].appl,Micro-cloud : 3 work finished,,,31750
General-2-20190312-21:26:25-12926,scalar,MCPasubioScenario.rsu[1].appl,Micro-cloud : 4 work finished,,,16950
General-2-20190312-21:26:25-12926,scalar,MCPasubioScenario.rsu[1].appl,Micro-cloud : 5 work finished,,,4900
General-2-20190312-21:26:25-12926,scalar,MCPasubioScenario.rsu[1].appl,Micro-cloud : 6 work finished,,,13350
General-2-20190312-21:26:25-12926,scalar,MCPasubioScenario.rsu[1].appl,Micro-cloud : 7 work finished,,,27400
General-2-20190312-21:26:25-12926,scalar,MCPasubioScenario.rsu[1].appl,Micro-cloud : 8 work finished,,,0
General-2-20190312-21:26:25-12926,scalar,MCPasubioScenario.rsu[1].appl,Load Balancer : 2 work finished,,,99300
General-2-20190312-21:26:25-12926,scalar,MCPasubioScenario.rsu[1].appl,Load Balancer : 2 sequential task,,,1986
General-2-20190312-21:26:25-12926,scalar,MCPasubioScenario.rsu[1].nic.phy80211p,busyTime,,,0.00080110608695655
General-2-20190312-21:26:25-12926,scalar,MCPasubioScenario.rsu[1].nic.mac1609_4,ReceivedUnicastPackets,,,0
General-2-20190312-21:26:25-12926,scalar,MCPasubioScenario.rsu[1].nic.mac1609_4,ReceivedBroadcasts,,,15884
General-2-20190312-21:26:25-12926,scalar,MCPasubioScenario.rsu[1].nic.mac1609_4,SentPackets,,,4287
General-2-20190312-21:26:25-12926,scalar,MCPasubioScenario.rsu[1].nic.mac1609_4,SentAcknowledgements,,,0
General-2-20190312-21:26:25-12926,scalar,MCPasubioScenario.rsu[1].nic.mac1609_4,SNIRLostPackets,,,0
General-2-20190312-21:26:25-12926,scalar,MCPasubioScenario.rsu[1].nic.mac1609_4,RXTXLostPackets,,,0
General-2-20190312-21:26:25-12926,scalar,MCPasubioScenario.rsu[1].nic.mac1609_4,TotalLostPackets,,,0
General-2-20190312-21:26:25-12926,scalar,MCPasubioScenario.rsu[1].nic.mac1609_4,DroppedPacketsInMac,,,0
General-2-20190312-21:26:25-12926,scalar,MCPasubioScenario.rsu[1].nic.mac1609_4,TooLittleTime,,,0
General-2-20190312-21:26:25-12926,scalar,MCPasubioScenario.rsu[1].nic.mac1609_4,TimesIntoBackoff,,,4287
General-2-20190312-21:26:25-12926,scalar,MCPasubioScenario.rsu[1].nic.mac1609_4,SlotsBackoff,,,6461
General-2-20190312-21:26:25-12926,scalar,MCPasubioScenario.rsu[1].nic.mac1609_4,NumInternalContention,,,0
General-2-20190312-21:26:25-12926,scalar,MCPasubioScenario.rsu[1].nic.mac1609_4,totalBusyTime,,,4.683959
General-2-20190312-21:26:25-12926,scalar,MCPasubioScenario.rsu[2].appl,Micro-cloud :0 failed,,,3600
General-2-20190312-21:26:25-12926,scalar,MCPasubioScenario.rsu[2].nic.phy80211p,busyTime,,,0.0010031982608694
General-2-20190312-21:26:25-12926,scalar,MCPasubioScenario.rsu[2].nic.mac1609_4,ReceivedUnicastPackets,,,0
General-2-20190312-21:26:25-12926,scalar,MCPasubioScenario.rsu[2].nic.mac1609_4,ReceivedBroadcasts,,,19891
General-2-20190312-21:26:25-12926,scalar,MCPasubioScenario.rsu[2].nic.mac1609_4,SentPackets,,,280
General-2-20190312-21:26:25-12926,scalar,MCPasubioScenario.rsu[2].nic.mac1609_4,SentAcknowledgements,,,0
General-2-20190312-21:26:25-12926,scalar,MCPasubioScenario.rsu[2].nic.mac1609_4,SNIRLostPackets,,,0
General-2-20190312-21:26:25-12926,scalar,MCPasubioScenario.rsu[2].nic.mac1609_4,RXTXLostPackets,,,0
General-2-20190312-21:26:25-12926,scalar,MCPasubioScenario.rsu[2].nic.mac1609_4,TotalLostPackets,,,0
General-2-20190312-21:26:25-12926,scalar,MCPasubioScenario.rsu[2].nic.mac1609_4,DroppedPacketsInMac,,,0
General-2-20190312-21:26:25-12926,scalar,MCPasubioScenario.rsu[2].nic.mac1609_4,TooLittleTime,,,0
General-2-20190312-21:26:25-12926,scalar,MCPasubioScenario.rsu[2].nic.mac1609_4,TimesIntoBackoff,,,280
General-2-20190312-21:26:25-12926,scalar,MCPasubioScenario.rsu[2].nic.mac1609_4,SlotsBackoff,,,433
General-2-20190312-21:26:25-12926,scalar,MCPasubioScenario.rsu[2].nic.mac1609_4,NumInternalContention,,,0
General-2-20190312-21:26:25-12926,scalar,MCPasubioScenario.rsu[2].nic.mac1609_4,totalBusyTime,,,4.679952
General-2-20190312-21:26:25-12926,scalar,MCPasubioScenario.rsu[3].appl,Micro-cloud :1 failed,,,2840
General-2-20190312-21:26:25-12926,scalar,MCPasubioScenario.rsu[3].nic.phy80211p,busyTime,,,0.00095694956521726
General-2-20190312-21:26:25-12926,scalar,MCPasubioScenario.rsu[3].nic.mac1609_4,ReceivedUnicastPackets,,,0
General-2-20190312-21:26:25-12926,scalar,MCPasubioScenario.rsu[3].nic.mac1609_4,ReceivedBroadcasts,,,18974
General-2-20190312-21:26:25-12926,scalar,MCPasubioScenario.rsu[3].nic.mac1609_4,SentPackets,,,1197
General-2-20190312-21:26:25-12926,scalar,MCPasubioScenario.rsu[3].nic.mac1609_4,SentAcknowledgements,,,0
General-2-20190312-21:26:25-12926,scalar,MCPasubioScenario.rsu[3].nic.mac1609_4,SNIRLostPackets,,,0
General-2-20190312-21:26:25-12926,scalar,MCPasubioScenario.rsu[3].nic.mac1609_4,RXTXLostPackets,,,0
General-2-20190312-21:26:25-12926,scalar,MCPasubioScenario.rsu[3].nic.mac1609_4,TotalLostPackets,,,0
General-2-20190312-21:26:25-12926,scalar,MCPasubioScenario.rsu[3].nic.mac1609_4,DroppedPacketsInMac,,,0
General-2-20190312-21:26:25-12926,scalar,MCPasubioScenario.rsu[3].nic.mac1609_4,TooLittleTime,,,0
General-2-20190312-21:26:25-12926,scalar,MCPasubioScenario.rsu[3].nic.mac1609_4,TimesIntoBackoff,,,1197
General-2-20190312-21:26:25-12926,scalar,MCPasubioScenario.rsu[3].nic.mac1609_4,SlotsBackoff,,,1821
General-2-20190312-21:26:25-12926,scalar,MCPasubioScenario.rsu[3].nic.mac1609_4,NumInternalContention,,,0
General-2-20190312-21:26:25-12926,scalar,MCPasubioScenario.rsu[3].nic.mac1609_4,totalBusyTime,,,4.680869
General-2-20190312-21:26:25-12926,scalar,MCPasubioScenario.rsu[4].appl,Micro-cloud :2 failed,,,3730
General-2-20190312-21:26:25-12926,scalar,MCPasubioScenario.rsu[4].nic.phy80211p,busyTime,,,0.0010108643478259
General-2-20190312-21:26:25-12926,scalar,MCPasubioScenario.rsu[4].nic.mac1609_4,ReceivedUnicastPackets,,,0
General-2-20190312-21:26:25-12926,scalar,MCPasubioScenario.rsu[4].nic.mac1609_4,ReceivedBroadcasts,,,20043
General-2-20190312-21:26:25-12926,scalar,MCPasubioScenario.rsu[4].nic.mac1609_4,SentPackets,,,128
General-2-20190312-21:26:25-12926,scalar,MCPasubioScenario.rsu[4].nic.mac1609_4,SentAcknowledgements,,,0
General-2-20190312-21:26:25-12926,scalar,MCPasubioScenario.rsu[4].nic.mac1609_4,SNIRLostPackets,,,0
General-2-20190312-21:26:25-12926,scalar,MCPasubioScenario.rsu[4].nic.mac1609_4,RXTXLostPackets,,,0
General-2-20190312-21:26:25-12926,scalar,MCPasubioScenario.rsu[4].nic.mac1609_4,TotalLostPackets,,,0
General-2-20190312-21:26:25-12926,scalar,MCPasubioScenario.rsu[4].nic.mac1609_4,DroppedPacketsInMac,,,0
General-2-20190312-21:26:25-12926,scalar,MCPasubioScenario.rsu[4].nic.mac1609_4,TooLittleTime,,,0
General-2-20190312-21:26:25-12926,scalar,MCPasubioScenario.rsu[4].nic.mac1609_4,TimesIntoBackoff,,,128
General-2-20190312-21:26:25-12926,scalar,MCPasubioScenario.rsu[4].nic.mac1609_4,SlotsBackoff,,,164
General-2-20190312-21:26:25-12926,scalar,MCPasubioScenario.rsu[4].nic.mac1609_4,NumInternalContention,,,0
General-2-20190312-21:26:25-12926,scalar,MCPasubioScenario.rsu[4].nic.mac1609_4,totalBusyTime,,,4.6798
General-2-20190312-21:26:25-12926,scalar,MCPasubioScenario.rsu[5].appl,Micro-cloud :3 failed,,,705
General-2-20190312-21:26:25-12926,scalar,MCPasubioScenario.rsu[5].nic.phy80211p,busyTime,,,0.00082783652173916
General-2-20190312-21:26:25-12926,scalar,MCPasubioScenario.rsu[5].nic.mac1609_4,ReceivedUnicastPackets,,,0
General-2-20190312-21:26:25-12926,scalar,MCPasubioScenario.rsu[5].nic.mac1609_4,ReceivedBroadcasts,,,16414
General-2-20190312-21:26:25-12926,scalar,MCPasubioScenario.rsu[5].nic.mac1609_4,SentPackets,,,3757
General-2-20190312-21:26:25-12926,scalar,MCPasubioScenario.rsu[5].nic.mac1609_4,SentAcknowledgements,,,0
General-2-20190312-21:26:25-12926,scalar,MCPasubioScenario.rsu[5].nic.mac1609_4,SNIRLostPackets,,,0
General-2-20190312-21:26:25-12926,scalar,MCPasubioScenario.rsu[5].nic.mac1609_4,RXTXLostPackets,,,0
General-2-20190312-21:26:25-12926,scalar,MCPasubioScenario.rsu[5].nic.mac1609_4,TotalLostPackets,,,0
General-2-20190312-21:26:25-12926,scalar,MCPasubioScenario.rsu[5].nic.mac1609_4,DroppedPacketsInMac,,,0
General-2-20190312-21:26:25-12926,scalar,MCPasubioScenario.rsu[5].nic.mac1609_4,TooLittleTime,,,0
General-2-20190312-21:26:25-12926,scalar,MCPasubioScenario.rsu[5].nic.mac1609_4,TimesIntoBackoff,,,3757
General-2-20190312-21:26:25-12926,scalar,MCPasubioScenario.rsu[5].nic.mac1609_4,SlotsBackoff,,,5716
General-2-20190312-21:26:25-12926,scalar,MCPasubioScenario.rsu[5].nic.mac1609_4,NumInternalContention,,,0
General-2-20190312-21:26:25-12926,scalar,MCPasubioScenario.rsu[5].nic.mac1609_4,totalBusyTime,,,4.683429
General-2-20190312-21:26:25-12926,scalar,MCPasubioScenario.rsu[6].appl,Micro-cloud :4 failed,,,1330
General-2-20190312-21:26:25-12926,scalar,MCPasubioScenario.rsu[6].nic.phy80211p,busyTime,,,0.00086561217391308
General-2-20190312-21:26:25-12926,scalar,MCPasubioScenario.rsu[6].nic.mac1609_4,ReceivedUnicastPackets,,,0
General-2-20190312-21:26:25-12926,scalar,MCPasubioScenario.rsu[6].nic.mac1609_4,ReceivedBroadcasts,,,17163
General-2-20190312-21:26:25-12926,scalar,MCPasubioScenario.rsu[6].nic.mac1609_4,SentPackets,,,3008
General-2-20190312-21:26:25-12926,scalar,MCPasubioScenario.rsu[6].nic.mac1609_4,SentAcknowledgements,,,0
General-2-20190312-21:26:25-12926,scalar,MCPasubioScenario.rsu[6].nic.mac1609_4,SNIRLostPackets,,,0
General-2-20190312-21:26:25-12926,scalar,MCPasubioScenario.rsu[6].nic.mac1609_4,RXTXLostPackets,,,0
General-2-20190312-21:26:25-12926,scalar,MCPasubioScenario.rsu[6].nic.mac1609_4,TotalLostPackets,,,0
General-2-20190312-21:26:25-12926,scalar,MCPasubioScenario.rsu[6].nic.mac1609_4,DroppedPacketsInMac,,,0
General-2-20190312-21:26:25-12926,scalar,MCPasubioScenario.rsu[6].nic.mac1609_4,TooLittleTime,,,0
General-2-20190312-21:26:25-12926,scalar,MCPasubioScenario.rsu[6].nic.mac1609_4,TimesIntoBackoff,,,3008
General-2-20190312-21:26:25-12926,scalar,MCPasubioScenario.rsu[6].nic.mac1609_4,SlotsBackoff,,,4484
General-2-20190312-21:26:25-12926,scalar,MCPasubioScenario.rsu[6].nic.mac1609_4,NumInternalContention,,,0
General-2-20190312-21:26:25-12926,scalar,MCPasubioScenario.rsu[6].nic.mac1609_4,totalBusyTime,,,4.68268
General-2-20190312-21:26:25-12926,scalar,MCPasubioScenario.rsu[7].appl,Micro-cloud :5 failed,,,2875
General-2-20190312-21:26:25-12926,scalar,MCPasubioScenario.rsu[7].nic.phy80211p,busyTime,,,0.00095916869565204
General-2-20190312-21:26:25-12926,scalar,MCPasubioScenario.rsu[7].nic.mac1609_4,ReceivedUnicastPackets,,,0
General-2-20190312-21:26:25-12926,scalar,MCPasubioScenario.rsu[7].nic.mac1609_4,ReceivedBroadcasts,,,19018
General-2-20190312-21:26:25-12926,scalar,MCPasubioScenario.rsu[7].nic.mac1609_4,SentPackets,,,1153
General-2-20190312-21:26:25-12926,scalar,MCPasubioScenario.rsu[7].nic.mac1609_4,SentAcknowledgements,,,0
General-2-20190312-21:26:25-12926,scalar,MCPasubioScenario.rsu[7].nic.mac1609_4,SNIRLostPackets,,,0
General-2-20190312-21:26:25-12926,scalar,MCPasubioScenario.rsu[7].nic.mac1609_4,RXTXLostPackets,,,0
General-2-20190312-21:26:25-12926,scalar,MCPasubioScenario.rsu[7].nic.mac1609_4,TotalLostPackets,,,0
General-2-20190312-21:26:25-12926,scalar,MCPasubioScenario.rsu[7].nic.mac1609_4,DroppedPacketsInMac,,,0
General-2-20190312-21:26:25-12926,scalar,MCPasubioScenario.rsu[7].nic.mac1609_4,TooLittleTime,,,0
General-2-20190312-21:26:25-12926,scalar,MCPasubioScenario.rsu[7].nic.mac1609_4,TimesIntoBackoff,,,1153
General-2-20190312-21:26:25-12926,scalar,MCPasubioScenario.rsu[7].nic.mac1609_4,SlotsBackoff,,,1743
General-2-20190312-21:26:25-12926,scalar,MCPasubioScenario.rsu[7].nic.mac1609_4,NumInternalContention,,,0
General-2-20190312-21:26:25-12926,scalar,MCPasubioScenario.rsu[7].nic.mac1609_4,totalBusyTime,,,4.680825
General-2-20190312-21:26:25-12926,scalar,MCPasubioScenario.rsu[8].appl,Micro-cloud :6 failed,,,1590
General-2-20190312-21:26:25-12926,scalar,MCPasubioScenario.rsu[8].nic.phy80211p,busyTime,,,0.00088124695652175
General-2-20190312-21:26:25-12926,scalar,MCPasubioScenario.rsu[8].nic.mac1609_4,ReceivedUnicastPackets,,,0
General-2-20190312-21:26:25-12926,scalar,MCPasubioScenario.rsu[8].nic.mac1609_4,ReceivedBroadcasts,,,17473
General-2-20190312-21:26:25-12926,scalar,MCPasubioScenario.rsu[8].nic.mac1609_4,SentPackets,,,2698
General-2-20190312-21:26:25-12926,scalar,MCPasubioScenario.rsu[8].nic.mac1609_4,SentAcknowledgements,,,0
General-2-20190312-21:26:25-12926,scalar,MCPasubioScenario.rsu[8].nic.mac1609_4,SNIRLostPackets,,,0
General-2-20190312-21:26:25-12926,scalar,MCPasubioScenario.rsu[8].nic.mac1609_4,RXTXLostPackets,,,0
General-2-20190312-21:26:25-12926,scalar,MCPasubioScenario.rsu[8].nic.mac1609_4,TotalLostPackets,,,0
General-2-20190312-21:26:25-12926,scalar,MCPasubioScenario.rsu[8].nic.mac1609_4,DroppedPacketsInMac,,,0
General-2-20190312-21:26:25-12926,scalar,MCPasubioScenario.rsu[8].nic.mac1609_4,TooLittleTime,,,0
General-2-20190312-21:26:25-12926,scalar,MCPasubioScenario.rsu[8].nic.mac1609_4,TimesIntoBackoff,,,2698
General-2-20190312-21:26:25-12926,scalar,MCPasubioScenario.rsu[8].nic.mac1609_4,SlotsBackoff,,,3993
General-2-20190312-21:26:25-12926,scalar,MCPasubioScenario.rsu[8].nic.mac1609_4,NumInternalContention,,,0
General-2-20190312-21:26:25-12926,scalar,MCPasubioScenario.rsu[8].nic.mac1609_4,totalBusyTime,,,4.68237
General-2-20190312-21:26:25-12926,scalar,MCPasubioScenario.rsu[9].appl,Micro-cloud :7 failed,,,780
General-2-20190312-21:26:25-12926,scalar,MCPasubioScenario.rsu[9].nic.phy80211p,busyTime,,,0.00083257739130438
General-2-20190312-21:26:25-12926,scalar,MCPasubioScenario.rsu[9].nic.mac1609_4,ReceivedUnicastPackets,,,0
General-2-20190312-21:26:25-12926,scalar,MCPasubioScenario.rsu[9].nic.mac1609_4,ReceivedBroadcasts,,,16508
General-2-20190312-21:26:25-12926,scalar,MCPasubioScenario.rsu[9].nic.mac1609_4,SentPackets,,,3663
General-2-20190312-21:26:25-12926,scalar,MCPasubioScenario.rsu[9].nic.mac1609_4,SentAcknowledgements,,,0
General-2-20190312-21:26:25-12926,scalar,MCPasubioScenario.rsu[9].nic.mac1609_4,SNIRLostPackets,,,0
General-2-20190312-21:26:25-12926,scalar,MCPasubioScenario.rsu[9].nic.mac1609_4,RXTXLostPackets,,,0
General-2-20190312-21:26:25-12926,scalar,MCPasubioScenario.rsu[9].nic.mac1609_4,TotalLostPackets,,,0
General-2-20190312-21:26:25-12926,scalar,MCPasubioScenario.rsu[9].nic.mac1609_4,DroppedPacketsInMac,,,0
General-2-20190312-21:26:25-12926,scalar,MCPasubioScenario.rsu[9].nic.mac1609_4,TooLittleTime,,,0
General-2-20190312-21:26:25-12926,scalar,MCPasubioScenario.rsu[9].nic.mac1609_4,TimesIntoBackoff,,,3663
General-2-20190312-21:26:25-12926,scalar,MCPasubioScenario.rsu[9].nic.mac1609_4,SlotsBackoff,,,5493
General-2-20190312-21:26:25-12926,scalar,MCPasubioScenario.rsu[9].nic.mac1609_4,NumInternalContention,,,0
General-2-20190312-21:26:25-12926,scalar,MCPasubioScenario.rsu[9].nic.mac1609_4,totalBusyTime,,,4.683335
General-0-20190312-21:26:03-12926,scalar,MCPasubioScenario.manager,roiArea,,,0
General-0-20190312-21:26:03-12926,scalar,MCPasubioScenario.rsu[0].appl,generatedWSMs,,,0
General-0-20190312-21:26:03-12926,scalar,MCPasubioScenario.rsu[0].appl,receivedWSMs,,,31032
General-0-20190312-21:26:03-12926,scalar,MCPasubioScenario.rsu[0].appl,generatedBSMs,,,0
General-0-20190312-21:26:03-12926,scalar,MCPasubioScenario.rsu[0].appl,receivedBSMs,,,0
General-0-20190312-21:26:03-12926,scalar,MCPasubioScenario.rsu[0].appl,generatedWSAs,,,0
General-0-20190312-21:26:03-12926,scalar,MCPasubioScenario.rsu[0].appl,receivedWSAs,,,0
General-0-20190312-21:26:03-12926,scalar,MCPasubioScenario.rsu[0].nic.phy80211p,busyTime,,,0.0015650921739118
General-0-20190312-21:26:03-12926,scalar,MCPasubioScenario.rsu[0].nic.mac1609_4,ReceivedUnicastPackets,,,0
General-0-20190312-21:26:03-12926,scalar,MCPasubioScenario.rsu[0].nic.mac1609_4,ReceivedBroadcasts,,,31032
General-0-20190312-21:26:03-12926,scalar,MCPasubioScenario.rsu[0].nic.mac1609_4,SentPackets,,,0
General-0-20190312-21:26:03-12926,scalar,MCPasubioScenario.rsu[0].nic.mac1609_4,SentAcknowledgements,,,0
General-0-20190312-21:26:03-12926,scalar,MCPasubioScenario.rsu[0].nic.mac1609_4,SNIRLostPackets,,,0
General-0-20190312-21:26:03-12926,scalar,MCPasubioScenario.rsu[0].nic.mac1609_4,RXTXLostPackets,,,0
General-0-20190312-21:26:03-12926,scalar,MCPasubioScenario.rsu[0].nic.mac1609_4,TotalLostPackets,,,0
General-0-20190312-21:26:03-12926,scalar,MCPasubioScenario.rsu[0].nic.mac1609_4,DroppedPacketsInMac,,,0
General-0-20190312-21:26:03-12926,scalar,MCPasubioScenario.rsu[0].nic.mac1609_4,TooLittleTime,,,0
General-0-20190312-21:26:03-12926,scalar,MCPasubioScenario.rsu[0].nic.mac1609_4,TimesIntoBackoff,,,0
General-0-20190312-21:26:03-12926,scalar,MCPasubioScenario.rsu[0].nic.mac1609_4,SlotsBackoff,,,0
General-0-20190312-21:26:03-12926,scalar,MCPasubioScenario.rsu[0].nic.mac1609_4,NumInternalContention,,,0
General-0-20190312-21:26:03-12926,scalar,MCPasubioScenario.rsu[0].nic.mac1609_4,totalBusyTime,,,7.199424
General-0-20190312-21:26:03-12926,scalar,MCPasubioScenario.rsu[1].appl,Micro-cloud : 0 work finished,,,5700
General-0-20190312-21:26:03-12926,scalar,MCPasubioScenario.rsu[1].appl,Micro-cloud : 1 work finished,,,9300
General-0-20190312-21:26:03-12926,scalar,MCPasubioScenario.rsu[1].appl,Micro-cloud : 2 work finished,,,950
General-0-20190312-21:26:03-12926,scalar,MCPasubioScenario.rsu[1].appl,Micro-cloud : 3 work finished,,,31900
General-0-20190312-21:26:03-12926,scalar,MCPasubioScenario.rsu[1].appl,Micro-cloud : 4 work finished,,,19500
General-0-20190312-21:26:03-12926,scalar,MCPasubioScenario.rsu[1].appl,Micro-cloud : 5 work finished,,,9250
General-0-20190312-21:26:03-12926,scalar,MCPasubioScenario.rsu[1].appl,Micro-cloud : 6 work finished,,,15350
General-0-20190312-21:26:03-12926,scalar,MCPasubioScenario.rsu[1].appl,Micro-cloud : 7 work finished,,,28800
General-0-20190312-21:26:03-12926,scalar,MCPasubioScenario.rsu[1].appl,Micro-cloud : 8 work finished,,,0
General-0-20190312-21:26:03-12926,scalar,MCPasubioScenario.rsu[1].appl,Load Balancer : 2 work finished,,,120750
General-0-20190312-21:26:03-12926,scalar,MCPasubioScenario.rsu[1].appl,Load Balancer : 2 sequential task,,,2415
General-0-20190312-21:26:03-12926,scalar,MCPasubioScenario.rsu[1].nic.phy80211p,busyTime,,,0.0012992504347818
General-0-20190312-21:26:03-12926,scalar,MCPasubioScenario.rsu[1].nic.mac1609_4,ReceivedUnicastPackets,,,0
General-0-20190312-21:26:03-12926,scalar,MCPasubioScenario.rsu[1].nic.mac1609_4,ReceivedBroadcasts,,,25761
General-0-20190312-21:26:03-12926,scalar,MCPasubioScenario.rsu[1].nic.mac1609_4,SentPackets,,,5271
General-0-20190312-21:26:03-12926,scalar,MCPasubioScenario.rsu[1].nic.mac1609_4,SentAcknowledgements,,,0
General-0-20190312-21:26:03-12926,scalar,MCPasubioScenario.rsu[1].nic.mac1609_4,SNIRLostPackets,,,0
General-0-20190312-21:26:03-12926,scalar,MCPasubioScenario.rsu[1].nic.mac1609_4,RXTXLostPackets,,,0
General-0-20190312-21:26:03-12926,scalar,MCPasubioScenario.rsu[1].nic.mac1609_4,TotalLostPackets,,,0
General-0-20190312-21:26:03-12926,scalar,MCPasubioScenario.rsu[1].nic.mac1609_4,DroppedPacketsInMac,,,0
General-0-20190312-21:26:03-12926,scalar,MCPasubioScenario.rsu[1].nic.mac1609_4,TooLittleTime,,,0
General-0-20190312-21:26:03-12926,scalar,MCPasubioScenario.rsu[1].nic.mac1609_4,TimesIntoBackoff,,,5271
General-0-20190312-21:26:03-12926,scalar,MCPasubioScenario.rsu[1].nic.mac1609_4,SlotsBackoff,,,7800
General-0-20190312-21:26:03-12926,scalar,MCPasubioScenario.rsu[1].nic.mac1609_4,NumInternalContention,,,0
General-0-20190312-21:26:03-12926,scalar,MCPasubioScenario.rsu[1].nic.mac1609_4,totalBusyTime,,,7.204695
General-0-20190312-21:26:03-12926,scalar,MCPasubioScenario.rsu[2].appl,Micro-cloud :0 failed,,,1220
General-0-20190312-21:26:03-12926,scalar,MCPasubioScenario.rsu[2].nic.phy80211p,busyTime,,,0.001406827826086
General-0-20190312-21:26:03-12926,scalar,MCPasubioScenario.rsu[2].nic.mac1609_4,ReceivedUnicastPackets,,,0
General-0-20190312-21:26:03-12926,scalar,MCPasubioScenario.rsu[2].nic.mac1609_4,ReceivedBroadcasts,,,27894
General-0-20190312-21:26:03-12926,scalar,MCPasubioScenario.rsu[2].nic.mac1609_4,SentPackets,,,3138
General-0-20190312-21:26:03-12926,scalar,MCPasubioScenario.rsu[2].nic.mac1609_4,SentAcknowledgements,,,0
General-0-20190312-21:26:03-12926,scalar,MCPasubioScenario.rsu[2].nic.mac1609_4,SNIRLostPackets,,,0
General-0-20190312-21:26:03-12926,scalar,MCPasubioScenario.rsu[2].nic.mac1609_4,RXTXLostPackets,,,0
General-0-20190312-21:26:03-12926,scalar,MCPasubioScenario.rsu[2].nic.mac1609_4,TotalLostPackets,,,0
General-0-20190312-21:26:03-12926,scalar,MCPasubioScenario.rsu[2].nic.mac1609_4,DroppedPacketsInMac,,,0
General-0-20190312-21:26:03-12926,scalar,MCPasubioScenario.rsu[2].nic.mac1609_4,TooLittleTime,,,0
General-0-20190312-21:26:03-12926,scalar,MCPasubioScenario.rsu[2].nic.mac1609_4,TimesIntoBackoff,,,3138
General-0-20190312-21:26:03-12926,scalar,MCPasubioScenario.rsu[2].nic.mac1609_4,SlotsBackoff,,,4741
General-0-20190312-21:26:03-12926,scalar,MCPasubioScenario.rsu[2].nic.mac1609_4,NumInternalContention,,,0
General-0-20190312-21:26:03-12926,scalar,MCPasubioScenario.rsu[2].nic.mac1609_4,totalBusyTime,,,7.202562
General-0-20190312-21:26:03-12926,scalar,MCPasubioScenario.rsu[3].appl,Micro-cloud :1 failed,,,1090
General-0-20190312-21:26:03-12926,scalar,MCPasubioScenario.rsu[3].nic.phy80211p,busyTime,,,0.0013989095652164
General-0-20190312-21:26:03-12926,scalar,MCPasubioScenario.rsu[3].nic.mac1609_4,ReceivedUnicastPackets,,,0
General-0-20190312-21:26:03-12926,scalar,MCPasubioScenario.rsu[3].nic.mac1609_4,ReceivedBroadcasts,,,27737
General-0-20190312-21:26:03-12926,scalar,MCPasubioScenario.rsu[3].nic.mac1609_4,SentPackets,,,3295
General-0-20190312-21:26:03-12926,scalar,MCPasubioScenario.rsu[3].nic.mac1609_4,SentAcknowledgements,,,0
General-0-20190312-21:26:03-12926,scalar,MCPasubioScenario.rsu[3].nic.mac1609_4,SNIRLostPackets,,,0
General-0-20190312-21:26:03-12926,scalar,MCPasubioScenario.rsu[3].nic.mac1609_4,RXTXLostPackets,,,0
General-0-20190312-21:26:03-12926,scalar,MCPasubioScenario.rsu[3].nic.mac1609_4,TotalLostPackets,,,0
General-0-20190312-21:26:03-12926,scalar,MCPasubioScenario.rsu[3].nic.mac1609_4,DroppedPacketsInMac,,,0
General-0-20190312-21:26:03-12926,scalar,MCPasubioScenario.rsu[3].nic.mac1609_4,TooLittleTime,,,0
General-0-20190312-21:26:03-12926,scalar,MCPasubioScenario.rsu[3].nic.mac1609_4,TimesIntoBackoff,,,3295
General-0-20190312-21:26:03-12926,scalar,MCPasubioScenario.rsu[3].nic.mac1609_4,SlotsBackoff,,,4990
General-0-20190312-21:26:03-12926,scalar,MCPasubioScenario.rsu[3].nic.mac1609_4,NumInternalContention,,,0
General-0-20190312-21:26:03-12926,scalar,MCPasubioScenario.rsu[3].nic.mac1609_4,totalBusyTime,,,7.202719
General-0-20190312-21:26:03-12926,scalar,MCPasubioScenario.rsu[4].appl,Micro-cloud :2 failed,,,3505
General-0-20190312-21:26:03-12926,scalar,MCPasubioScenario.rsu[4].nic.phy80211p,busyTime,,,0.0015450191304336
General-0-20190312-21:26:03-12926,scalar,MCPasubioScenario.rsu[4].nic.mac1609_4,ReceivedUnicastPackets,,,0
General-0-20190312-21:26:03-12926,scalar,MCPasubioScenario.rsu[4].nic.mac1609_4,ReceivedBroadcasts,,,30634
General-0-20190312-21:26:03-12926,scalar,MCPasubioScenario.rsu[4].nic.mac1609_4,SentPackets,,,398
General-0-20190312-21:26:03-12926,scalar,MCPasubioScenario.rsu[4].nic.mac1609_4,SentAcknowledgements,,,0
General-0-20190312-21:26:03-12926,scalar,MCPasubioScenario.rsu[4].nic.mac1609_4,SNIRLostPackets,,,0
General-0-20190312-21:26:03-12926,scalar,MCPasubioScenario.rsu[4].nic.mac1609_4,RXTXLostPackets,,,0
General-0-20190312-21:26:03-12926,scalar,MCPasubioScenario.rsu[4].nic.mac1609_4,TotalLostPackets,,,0
General-0-20190312-21:26:03-12926,scalar,MCPasubioScenario.rsu[4].nic.mac1609_4,DroppedPacketsInMac,,,0
General-0-20190312-21:26:03-12926,scalar,MCPasubioScenario.rsu[4].nic.mac1609_4,TooLittleTime,,,0
General-0-20190312-21:26:03-12926,scalar,MCPasubioScenario.rsu[4].nic.mac1609_4,TimesIntoBackoff,,,398
General-0-20190312-21:26:03-12926,scalar,MCPasubioScenario.rsu[4].nic.mac1609_4,SlotsBackoff,,,578
General-0-20190312-21:26:03-12926,scalar,MCPasubioScenario.rsu[4].nic.mac1609_4,NumInternalContention,,,0
General-0-20190312-21:26:03-12926,scalar,MCPasubioScenario.rsu[4].nic.mac1609_4,totalBusyTime,,,7.199822
General-0-20190312-21:26:03-12926,scalar,MCPasubioScenario.rsu[5].appl,Micro-cloud :3 failed,,,455
General-0-20190312-21:26:03-12926,scalar,MCPasubioScenario.rsu[5].nic.phy80211p,busyTime,,,0.0013604278260861
General-0-20190312-21:26:03-12926,scalar,MCPasubioScenario.rsu[5].nic.mac1609_4,ReceivedUnicastPackets,,,0
General-0-20190312-21:26:03-12926,scalar,MCPasubioScenario.rsu[5].nic.mac1609_4,ReceivedBroadcasts,,,26974
General-0-20190312-21:26:03-12926,scalar,MCPasubioScenario.rsu[5].nic.mac1609_4,SentPackets,,,4058
General-0-20190312-21:26:03-12926,scalar,MCPasubioScenario.rsu[5].nic.mac1609_4,SentAcknowledgements,,,0
General-0-20190312-21:26:03-12926,scalar,MCPasubioScenario.rsu[5].nic.mac1609_4,SNIRLostPackets,,,0
General-0-20190312-21:26:03-12926,scalar,MCPasubioScenario.rsu[5].nic.mac1609_4,RXTXLostPackets,,,0
General-0-20190312-21:26:03-12926,scalar,MCPasubioScenario.rsu[5].nic.mac1609_4,TotalLostPackets,,,0
General-0-20190312-21:26:03-12926,scalar,MCPasubioScenario.rsu[5].nic.mac1609_4,DroppedPacketsInMac,,,0
General-0-20190312-21:26:03-12926,scalar,MCPasubioScenario.rsu[5].nic.mac1609_4,TooLittleTime,,,0
General-0-20190312-21:26:03-12926,scalar,MCPasubioScenario.rsu[5].nic.mac1609_4,TimesIntoBackoff,,,4058
General-0-20190312-21:26:03-12926,scalar,MCPasubioScenario.rsu[5].nic.mac1609_4,SlotsBackoff,,,5978
General-0-20190312-21:26:03-12926,scalar,MCPasubioScenario.rsu[5].nic.mac1609_4,NumInternalContention,,,0
General-0-20190312-21:26:03-12926,scalar,MCPasubioScenario.rsu[5].nic.mac1609_4,totalBusyTime,,,7.203482
General-0-20190312-21:26:03-12926,scalar,MCPasubioScenario.rsu[6].appl,Micro-cloud :4 failed,,,765
General-0-20190312-21:26:03-12926,scalar,MCPasubioScenario.rsu[6].nic.phy80211p,busyTime,,,0.0013791391304339
General-0-20190312-21:26:03-12926,scalar,MCPasubioScenario.rsu[6].nic.mac1609_4,ReceivedUnicastPackets,,,0
General-0-20190312-21:26:03-12926,scalar,MCPasubioScenario.rsu[6].nic.mac1609_4,ReceivedBroadcasts,,,27345
General-0-20190312-21:26:03-12926,scalar,MCPasubioScenario.rsu[6].nic.mac1609_4,SentPackets,,,3687
General-0-20190312-21:26:03-12926,scalar,MCPasubioScenario.rsu[6].nic.mac1609_4,SentAcknowledgements,,,0
General-0-20190312-21:26:03-12926,scalar,MCPasubioScenario.rsu[6].nic.mac1609_4,SNIRLostPackets,,,0
General-0-20190312-21:26:03-12926,scalar,MCPasubioScenario.rsu[6].nic.mac1609_4,RXTXLostPackets,,,0
General-0-20190312-21:26:03-12926,scalar,MCPasubioScenario.rsu[6].nic.mac1609_4,TotalLostPackets,,,0
General-0-20190312-21:26:03-12926,scalar,MCPasubioScenario.rsu[6].nic.mac1609_4,DroppedPacketsInMac,,,0
General-0-20190312-21:26:03-12926,scalar,MCPasubioScenario.rsu[6].nic.mac1609_4,TooLittleTime,,,0
General-0-20190312-21:26:03-12926,scalar,MCPasubioScenario.rsu[6].nic.mac1609_4,TimesIntoBackoff,,,3687
General-0-20190312-21:26:03-12926,scalar,MCPasubioScenario.rsu[6].nic.mac1609_4,SlotsBackoff,,,5549
General-0-20190312-21:26:03-12926,scalar,MCPasubioScenario.rsu[6].nic.mac1609_4,NumInternalContention,,,0
General-0-20190312-21:26:03-12926,scalar,MCPasubioScenario.rsu[6].nic.mac1609_4,totalBusyTime,,,7.203111
General-0-20190312-21:26:03-12926,scalar,MCPasubioScenario.rsu[7].appl,Micro-cloud :5 failed,,,985
General-0-20190312-21:26:03-12926,scalar,MCPasubioScenario.rsu[7].nic.phy80211p,busyTime,,,0.0013924539130425
General-0-20190312-21:26:03-12926,scalar,MCPasubioScenario.rsu[7].nic.mac1609_4,ReceivedUnicastPackets,,,0
General-0-20190312-21:26:03-12926,scalar,MCPasubioScenario.rsu[7].nic.mac1609_4,ReceivedBroadcasts,,,27609
General-0-20190312-21:26:03-12926,scalar,MCPasubioScenario.rsu[7].nic.mac1609_4,SentPackets,,,3423
General-0-20190312-21:26:03-12926,scalar,MCPasubioScenario.rsu[7].nic.mac1609_4,SentAcknowledgements,,,0
General-0-20190312-21:26:03-12926,scalar,MCPasubioScenario.rsu[7].nic.mac1609_4,SNIRLostPackets,,,0
General-0-20190312-21:26:03-12926,scalar,MCPasubioScenario.rsu[7].nic.mac1609_4,RXTXLostPackets,,,0
General-0-20190312-21:26:03-12926,scalar,MCPasubioScenario.rsu[7].nic.mac1609_4,TotalLostPackets,,,0
General-0-20190312-21:26:03-12926,scalar,MCPasubioScenario.rsu[7].nic.mac1609_4,DroppedPacketsInMac,,,0
General-0-20190312-21:26:03-12926,scalar,MCPasubioScenario.rsu[7].nic.mac1609_4,TooLittleTime,,,0
General-0-20190312-21:26:03-12926,scalar,MCPasubioScenario.rsu[7].nic.mac1609_4,TimesIntoBackoff,,,3423
General-0-20190312-21:26:03-12926,scalar,MCPasubioScenario.rsu[7].nic.mac1609_4,SlotsBackoff,,,5215
General-0-20190312-21:26:03-12926,scalar,MCPasubioScenario.rsu[7].nic.mac1609_4,NumInternalContention,,,0
General-0-20190312-21:26:03-12926,scalar,MCPasubioScenario.rsu[7].nic.mac1609_4,totalBusyTime,,,7.202847
General-0-20190312-21:26:03-12926,scalar,MCPasubioScenario.rsu[8].appl,Micro-cloud :6 failed,,,880
General-0-20190312-21:26:03-12926,scalar,MCPasubioScenario.rsu[8].nic.phy80211p,busyTime,,,0.0013862504347817
General-0-20190312-21:26:03-12926,scalar,MCPasubioScenario.rsu[8].nic.mac1609_4,ReceivedUnicastPackets,,,0
General-0-20190312-21:26:03-12926,scalar,MCPasubioScenario.rsu[8].nic.mac1609_4,ReceivedBroadcasts,,,27486
General-0-20190312-21:26:03-12926,scalar,MCPasubioScenario.rsu[8].nic.mac1609_4,SentPackets,,,3546
General-0-20190312-21:26:03-12926,scalar,MCPasubioScenario.rsu[8].nic.mac1609_4,SentAcknowledgements,,,0
General-0-20190312-21:26:03-12926,scalar,MCPasubioScenario.rsu[8].nic.mac1609_4,SNIRLostPackets,,,0
General-0-20190312-21:26:03-12926,scalar,MCPasubioScenario.rsu[8].nic.mac1609_4,RXTXLostPackets,,,0
General-0-20190312-21:26:03-12926,scalar,MCPasubioScenario.rsu[8].nic.mac1609_4,TotalLostPackets,,,0
General-0-20190312-21:26:03-12926,scalar,MCPasubioScenario.rsu[8].nic.mac1609_4,DroppedPacketsInMac,,,0
General-0-20190312-21:26:03-12926,scalar,MCPasubioScenario.rsu[8].nic.mac1609_4,TooLittleTime,,,0
General-0-20190312-21:26:03-12926,scalar,MCPasubioScenario.rsu[8].nic.mac1609_4,TimesIntoBackoff,,,3546
General-0-20190312-21:26:03-12926,scalar,MCPasubioScenario.rsu[8].nic.mac1609_4,SlotsBackoff,,,5441
General-0-20190312-21:26:03-12926,scalar,MCPasubioScenario.rsu[8].nic.mac1609_4,NumInternalContention,,,0
General-0-20190312-21:26:03-12926,scalar,MCPasubioScenario.rsu[8].nic.mac1609_4,totalBusyTime,,,7.20297
General-0-20190312-21:26:03-12926,scalar,MCPasubioScenario.rsu[9].appl,Micro-cloud :7 failed,,,320
General-0-20190312-21:26:03-12926,scalar,MCPasubioScenario.rsu[9].nic.phy80211p,busyTime,,,0.0013524591304339
General-0-20190312-21:26:03-12926,scalar,MCPasubioScenario.rsu[9].nic.mac1609_4,ReceivedUnicastPackets,,,0
General-0-20190312-21:26:03-12926,scalar,MCPasubioScenario.rsu[9].nic.mac1609_4,ReceivedBroadcasts,,,26816
General-0-20190312-21:26:03-12926,scalar,MCPasubioScenario.rsu[9].nic.mac1609_4,SentPackets,,,4216
General-0-20190312-21:26:03-12926,scalar,MCPasubioScenario.rsu[9].nic.mac1609_4,SentAcknowledgements,,,0
General-0-20190312-21:26:03-12926,scalar,MCPasubioScenario.rsu[9].nic.mac1609_4,SNIRLostPackets,,,0
General-0-20190312-21:26:03-12926,scalar,MCPasubioScenario.rsu[9].nic.mac1609_4,RXTXLostPackets,,,0
General-0-20190312-21:26:03-12926,scalar,MCPasubioScenario.rsu[9].nic.mac1609_4,TotalLostPackets,,,0
General-0-20190312-21:26:03-12926,scalar,MCPasubioScenario.rsu[9].nic.mac1609_4,DroppedPacketsInMac,,,0
General-0-20190312-21:26:03-12926,scalar,MCPasubioScenario.rsu[9].nic.mac1609_4,TooLittleTime,,,0
General-0-20190312-21:26:03-12926,scalar,MCPasubioScenario.rsu[9].nic.mac1609_4,TimesIntoBackoff,,,4216
General-0-20190312-21:26:03-12926,scalar,MCPasubioScenario.rsu[9].nic.mac1609_4,SlotsBackoff,,,6300
General-0-20190312-21:26:03-12926,scalar,MCPasubioScenario.rsu[9].nic.mac1609_4,NumInternalContention,,,0
General-0-20190312-21:26:03-12926,scalar,MCPasubioScenario.rsu[9].nic.mac1609_4,totalBusyTime,,,7.20364
